{
  "BTC": 71145,
  "ETH": 2182.99,
  "USDT": 1,
  "XRP": 1.45,
  "BNB": 647.96,
  "USDC": 0.999947,
  "SOL": 89.71,
  "TRX": 0.302888,
  "FIGR_HELOC": 1.03,
  "DOGE": 0.094644,
  "WBT": 56.94,
  "USDS": 0.99992,
  "HYPE": 42.74,
  "ADA": 0.272466,
  "BCH": 453.08,
  "LEO": 9.06,
  "LINK": 9.2,
  "XMR": 346.25,
  "USDE": 0.999406,
  "XLM": 0.1686,
  "CC": 0.145511,
  "USD1": 0.999227,
  "DAI": 0.999724,
  "LTC": 55.85,
  "RAIN": 0.00891162,
  "AVAX": 9.62,
  "HBAR": 0.095739,
  "ZEC": 248.2,
  "PYUSD": 0.999307,
  "SUI": 0.977655,
  "SHIB": 0.00000577,
  "CRO": 0.076023,
  "M": 1.83,
  "TON": 1.29,
  "XAUT": 4845.04,
  "WLFI": 0.097677,
  "DOT": 1.56,
  "MNT": 0.789079,
  "TAO": 268.53,
  "PAXG": 4857.4,
  "USYC": 1.12,
  "UNI": 3.64,
  "BUIDL": 1,
  "OKB": 91.2,
  "NEAR": 1.39,
  "USDG": 0.999874,
  "USDF": 0.997589,
  "AAVE": 114.09,
  "ASTER": 0.692421,
  "PI": 0.172421,
  "SKY": 0.072801,
  "HTX": 0.00000167,
  "RLUSD": 1,
  "BGB": 2.14,
  "PEPE": 0.0000035,
  "ICP": 2.57,
  "BFUSD": 0.9993,
  "ETC": 8.44,
  "USDY": 1.12,
  "ONDO": 0.264666,
  "PUMP": 0.00195124,
  "GT": 6.95,
  "USTB": 11.02,
  "WLD": 0.36326,
  "KCS": 8.05,
  "KAS": 0.038426,
  "POL": 0.096881,
  "QNT": 70.21,
  "EUTBL": 1.2,
  "MORPHO": 1.78,
  "ATOM": 1.89,
  "ENA": 0.108471,
  "RENDER": 1.74,
  "NEXO": 0.894515,
  "JTRSY": 1.098,
  "USDTB": 0.998536,
  "TRUMP": 3.51,
  "ALGO": 0.090361,
  "NIGHT": 0.04740321,
  "APT": 0.953919,
  "USDD": 0.998245,
  "OUSG": 114.62,
  "FLR": 0.00840876,
  "FIL": 0.919287,
  "HASH": 0.01238874,
  "SIREN": 0.889619,
  "XDC": 0.03215,
  "VET": 0.00724015,
  "ARB": 0.101854,
  "BDX": 0.080271,
  "GHO": 0.999869,
  "JUP": 0.163148,
  "YLDS": 0.999926,
  "USD0": 0.99604,
  "STABLE": 0.02628147,
  "BONK": 0.00000612,
  "JST": 0.057711,
  "FET": 0.220958,
  "TUSD": 0.999204,
  "RIVER": 24.86
}