{
  "RIVER": [
    25.23,
    25.13
  ],
  "FTN": [
    1.089,
    1.089
  ],
  "A7A5": [
    0.01185432,
    0.01185037
  ],
  "ETHFI": [
    0.587263,
    0.588745
  ],
  "VIRTUAL": [
    0.696471,
    0.70204
  ],
  "CAKE": [
    1.37,
    1.38
  ],
  "STX": [
    0.245222,
    0.246575
  ],
  "PENGU": [
    0.00703752,
    0.00708581
  ],
  "DCR": [
    24.92,
    24.84
  ],
  "XTZ": [
    0.397345,
    0.397131
  ],
  "EURC": [
    1.16,
    1.16
  ],
  "SEI": [
    0.062892,
    0.063201
  ],
  "JAAA": [
    1.027,
    1.027
  ],
  "DASH": [
    32.89,
    33.08
  ],
  "KITE": [
    0.220226,
    0.220267
  ],
  "FDUSD": [
    0.999832,
    0.999464
  ],
  "CHZ": [
    0.036208,
    0.03641597
  ],
  "USX": [
    0.99962,
    0.999628
  ],
  "PRIME": [
    1.027,
    1.028
  ],
  "CRV": [
    0.234727,
    0.235127
  ],
  "GNO": [
    131.01,
    130.29
  ],
  "SUN": [
    0.01773728,
    0.017757
  ],
  "CFX": [
    0.063857,
    0.064567
  ],
  "KAU": [
    141.69,
    140.37
  ],
  "BTT": [
    3.36436e-7,
    3.36598e-7
  ],
  "NFT": [
    3.34529e-7,
    3.34199e-7
  ],
  "USDAI": [
    0.999831,
    0.999995
  ],
  "ADI": [
    3.23,
    3.23
  ],
  "INJ": [
    3.11,
    3.14
  ],
  "KAIA": [
    0.051554,
    0.051592
  ],
  "TIA": [
    0.331926,
    0.334475
  ],
  "AERO": [
    0.321851,
    0.321865
  ],
  "BSV": [
    14.62,
    14.59
  ],
  "FLOKI": [
    0.00002968,
    0.00002991
  ],
  "SPX": [
    0.305284,
    0.305998
  ],
  "GRT": [
    0.02592134,
    0.02608602
  ],
  "DEXE": [
    6.04,
    6.01
  ],
  "JASMY": [
    0.00561281,
    0.00565737
  ],
  "SYRUP": [
    0.237343,
    0.23727
  ],
  "FRAX": [
    0.992133,
    0.992244
  ],
  "VVV": [
    6.04,
    6.07
  ],
  "IOTA": [
    0.061413,
    0.061686
  ],
  "APEPE": [
    0.00000128,
    0.00000128
  ],
  "2Z": [
    0.075975,
    0.076021
  ],
  "LIT": [
    1.057,
    1.052
  ],
  "FO": [
    0.263443,
    0.263662
  ],
  "OP": [
    0.12209,
    0.12357
  ],
  "IP": [
    0.73884,
    0.740011
  ],
  "CRVUSD": [
    0.997959,
    0.99892
  ],
  "LDO": [
    0.297512,
    0.299022
  ],
  "PYTH": [
    0.04315648,
    0.04366032
  ],
  "OHM": [
    15.9,
    15.92
  ],
  "ZBCN": [
    0.0025182,
    0.00249231
  ],
  "ENS": [
    6.21,
    6.23
  ],
  "MON": [
    0.02187501,
    0.02200356
  ],
  "BTSE": [
    1.46,
    1.46
  ],
  "TEL": [
    0.00244434,
    0.00244895
  ],
  "HNT": [
    1.24,
    1.24
  ],
  "B": [
    0.221486,
    0.220175
  ],
  "STRK": [
    0.03768707,
    0.03864834
  ],
  "SAND": [
    0.080827,
    0.081521
  ],
  "USDA": [
    0.984014,
    0.984014
  ],
  "AUSD": [
    0.999767,
    0.999965
  ],
  "LUNC": [
    0.00003944,
    0.00003961
  ],
  "XPL": [
    0.096279,
    0.096041
  ],
  "TWT": [
    0.505423,
    0.505675
  ],
  "BCAP": [
    22.99,
    22.99
  ],
  "PENDLE": [
    1.25,
    1.26
  ],
  "GRASS": [
    0.380065,
    0.383321
  ],
  "AB": [
    0.00205071,
    0.00205379
  ],
  "AXS": [
    1.19,
    1.19
  ],
  "NUSD": [
    0.998896,
    0.998784
  ],
  "9BIT": [
    0.02424248,
    0.02422435
  ],
  "BORG": [
    0.203485,
    0.201832
  ],
  "FARTCOIN": [
    0.197698,
    0.196812
  ],
  "XCN": [
    0.00523126,
    0.0052338
  ],
  "REUSD": [
    1.068,
    1.068
  ],
  "USTBL": [
    1.078,
    1.078
  ],
  "UDS": [
    1.59,
    1.55
  ],
  "REAL": [
    0.059955,
    0.059906
  ],
  "PC0000031": [
    1,
    1
  ],
  "NEO": [
    2.67,
    2.68
  ],
  "VSN": [
    0.052463,
    0.052435
  ],
  "COMP": [
    19.21,
    19.25
  ],
  "FLUID": [
    2.35,
    2.34
  ],
  "WIF": [
    0.178509,
    0.180732
  ],
  "WAL": [
    0.079869,
    0.080204
  ],
  "FDIT": [
    1,
    1
  ],
  "IUSD": [
    0.99947,
    0.999399
  ],
  "WFI": [
    2.15,
    2.15
  ],
  "ZK": [
    0.01866009,
    0.01895024
  ],
  "H": [
    0.095067,
    0.09489
  ],
  "MANA": [
    0.087466,
    0.088459
  ],
  "THETA": [
    0.169529,
    0.170179
  ],
  "S": [
    0.04466247,
    0.04481909
  ],
  "CVX": [
    1.84,
    1.84
  ],
  "FF": [
    0.070935,
    0.070933
  ],
  "RAY": [
    0.616893,
    0.617215
  ],
  "MX": [
    1.79,
    1.79
  ],
  "KOGE": [
    47.99,
    47.99
  ]
}