{
  "VIRTUAL": [
    0.729543,
    0.724468
  ],
  "FTN": [
    1.089,
    1.089
  ],
  "CAKE": [
    1.43,
    1.43
  ],
  "A7A5": [
    0.01185652,
    0.01185585
  ],
  "PENGU": [
    0.007385,
    0.00734288
  ],
  "DCR": [
    26.78,
    26.74
  ],
  "STX": [
    0.249238,
    0.249244
  ],
  "SEI": [
    0.064858,
    0.064596
  ],
  "ZRO": [
    2.15,
    2.14
  ],
  "EURC": [
    1.15,
    1.15
  ],
  "ETHFI": [
    0.542459,
    0.540837
  ],
  "XTZ": [
    0.388353,
    0.388053
  ],
  "JAAA": [
    1.027,
    1.027
  ],
  "DASH": [
    32.38,
    32.25
  ],
  "FDUSD": [
    0.999943,
    0.999658
  ],
  "KAU": [
    156.47,
    156.61
  ],
  "CHZ": [
    0.0358725,
    0.03569233
  ],
  "USX": [
    0.999666,
    0.999983
  ],
  "CRV": [
    0.239577,
    0.238596
  ],
  "GNO": [
    134.64,
    134.08
  ],
  "KITE": [
    0.191799,
    0.19115
  ],
  "BTT": [
    3.41403e-7,
    3.40548e-7
  ],
  "NFT": [
    3.32886e-7,
    3.32927e-7
  ],
  "PRIME": [
    1.026,
    1.025
  ],
  "USDAI": [
    0.999685,
    0.999777
  ],
  "SUN": [
    0.01682,
    0.01678261
  ],
  "CFX": [
    0.061418,
    0.06106
  ],
  "KAIA": [
    0.053209,
    0.052954
  ],
  "LIT": [
    1.24,
    1.23
  ],
  "TIA": [
    0.345927,
    0.344209
  ],
  "INJ": [
    3.06,
    3.04
  ],
  "ADI": [
    3.12,
    3.13
  ],
  "BSV": [
    15.09,
    15.05
  ],
  "AERO": [
    0.326563,
    0.325129
  ],
  "SPX": [
    0.311624,
    0.309989
  ],
  "JASMY": [
    0.00582031,
    0.00580041
  ],
  "FLOKI": [
    0.00002971,
    0.00002958
  ],
  "GRT": [
    0.02651923,
    0.02640979
  ],
  "IP": [
    0.795753,
    0.786007
  ],
  "SYRUP": [
    0.240813,
    0.239296
  ],
  "IOTA": [
    0.063398,
    0.063223
  ],
  "FRAX": [
    0.992554,
    0.991489
  ],
  "APEPE": [
    0.00000129,
    0.00000129
  ],
  "2Z": [
    0.077957,
    0.077939
  ],
  "PYTH": [
    0.04699836,
    0.04675628
  ],
  "OP": [
    0.125871,
    0.125161
  ],
  "FO": [
    0.263701,
    0.263745
  ],
  "OHM": [
    16.73,
    16.63
  ],
  "BTSE": [
    1.6,
    1.6
  ],
  "DEXE": [
    5.5,
    5.51
  ],
  "LDO": [
    0.301311,
    0.299553
  ],
  "GREAT": [
    12.15,
    12.15
  ],
  "CRVUSD": [
    1.002,
    1.001
  ],
  "MON": [
    0.02279902,
    0.02274847
  ],
  "VVV": [
    5.43,
    5.37
  ],
  "ENS": [
    6.25,
    6.2
  ],
  "XPL": [
    0.106999,
    0.106605
  ],
  "TEL": [
    0.00251274,
    0.00250325
  ],
  "B": [
    0.237274,
    0.237414
  ],
  "UDS": [
    1.86,
    1.86
  ],
  "HNT": [
    1.23,
    1.23
  ],
  "LUNC": [
    0.000041,
    0.0000409
  ],
  "SAND": [
    0.083081,
    0.082589
  ],
  "USDA": [
    0.984161,
    0.984161
  ],
  "AUSD": [
    0.999837,
    0.999814
  ],
  "TWT": [
    0.516064,
    0.513315
  ],
  "GRASS": [
    0.390767,
    0.391479
  ],
  "STRK": [
    0.03743327,
    0.03721988
  ],
  "AB": [
    0.00212756,
    0.00212758
  ],
  "BCAP": [
    22.99,
    22.99
  ],
  "9BIT": [
    0.02537903,
    0.02538249
  ],
  "XCN": [
    0.00555791,
    0.00554323
  ],
  "PENDLE": [
    1.25,
    1.24
  ],
  "BORG": [
    0.208725,
    0.207951
  ],
  "NUSD": [
    1,
    0.99713
  ],
  "AXS": [
    1.2,
    1.19
  ],
  "ZBCN": [
    0.00205477,
    0.00205547
  ],
  "FARTCOIN": [
    0.20014,
    0.198545
  ],
  "USTBL": [
    1.077,
    1.077
  ],
  "VSN": [
    0.053654,
    0.053626
  ],
  "WFI": [
    2.34,
    2.32
  ],
  "PC0000031": [
    1,
    1
  ],
  "REUSD": [
    1.067,
    1.067
  ],
  "NEO": [
    2.68,
    2.67
  ],
  "REAL": [
    0.059396,
    0.059028
  ],
  "H": [
    0.102161,
    0.101641
  ],
  "COMP": [
    18.74,
    18.68
  ],
  "WAL": [
    0.081005,
    0.080354
  ],
  "ZK": [
    0.0195951,
    0.0194464
  ],
  "THETA": [
    0.17836,
    0.176933
  ],
  "FDIT": [
    1,
    1
  ],
  "MANA": [
    0.091466,
    0.091078
  ],
  "WIF": [
    0.176787,
    0.17586
  ],
  "IUSD": [
    1,
    0.998847
  ],
  "FLUID": [
    2.24,
    2.22
  ],
  "CVX": [
    1.91,
    1.9
  ],
  "S": [
    0.04511759,
    0.04491086
  ],
  "FF": [
    0.072377,
    0.072346
  ],
  "MX": [
    1.79,
    1.79
  ],
  "RAY": [
    0.610993,
    0.608388
  ]
}