{
  "TUSD": [
    0.999438,
    0.999277
  ],
  "FTN": [
    1.089,
    1.089
  ],
  "ETHFI": [
    0.603699,
    0.594727
  ],
  "A7A5": [
    0.01180247,
    0.01180318
  ],
  "CAKE": [
    1.38,
    1.38
  ],
  "VIRTUAL": [
    0.692805,
    0.692954
  ],
  "STX": [
    0.244845,
    0.245012
  ],
  "PENGU": [
    0.00704263,
    0.00704927
  ],
  "XTZ": [
    0.397737,
    0.397442
  ],
  "EURC": [
    1.16,
    1.16
  ],
  "SEI": [
    0.063126,
    0.063084
  ],
  "JAAA": [
    1.027,
    1.027
  ],
  "DCR": [
    24.42,
    24.26
  ],
  "DASH": [
    32.6,
    32.85
  ],
  "KITE": [
    0.217043,
    0.21908
  ],
  "FDUSD": [
    0.999583,
    0.999424
  ],
  "CHZ": [
    0.03620911,
    0.03622652
  ],
  "USX": [
    0.999733,
    0.999772
  ],
  "PRIME": [
    1.028,
    1.028
  ],
  "KAU": [
    146.91,
    146.9
  ],
  "CRV": [
    0.233209,
    0.233328
  ],
  "SUN": [
    0.01786257,
    0.01795463
  ],
  "GNO": [
    130.9,
    130.61
  ],
  "CFX": [
    0.064699,
    0.06465
  ],
  "BTT": [
    3.36733e-7,
    3.36757e-7
  ],
  "NFT": [
    3.34938e-7,
    3.34562e-7
  ],
  "USDAI": [
    0.999606,
    0.999608
  ],
  "ADI": [
    3.23,
    3.23
  ],
  "INJ": [
    3.08,
    3.08
  ],
  "KAIA": [
    0.051571,
    0.051605
  ],
  "TIA": [
    0.331721,
    0.33148
  ],
  "AERO": [
    0.319644,
    0.319598
  ],
  "BSV": [
    14.65,
    14.63
  ],
  "FLOKI": [
    0.00002966,
    0.00002967
  ],
  "DEXE": [
    6.06,
    6.07
  ],
  "SPX": [
    0.303785,
    0.303688
  ],
  "GRT": [
    0.02589697,
    0.02591798
  ],
  "JASMY": [
    0.00560371,
    0.00560287
  ],
  "FRAX": [
    0.99299,
    0.992927
  ],
  "SYRUP": [
    0.236251,
    0.236197
  ],
  "APEPE": [
    0.00000129,
    0.00000129
  ],
  "IOTA": [
    0.061399,
    0.061435
  ],
  "2Z": [
    0.075843,
    0.075918
  ],
  "FO": [
    0.265061,
    0.264258
  ],
  "LIT": [
    1.056,
    1.053
  ],
  "VVV": [
    5.83,
    5.84
  ],
  "IP": [
    0.742509,
    0.742246
  ],
  "CRVUSD": [
    0.999824,
    0.999834
  ],
  "OP": [
    0.121657,
    0.121617
  ],
  "LDO": [
    0.298064,
    0.297921
  ],
  "OHM": [
    15.89,
    15.89
  ],
  "PYTH": [
    0.04280596,
    0.04289731
  ],
  "ZBCN": [
    0.0024521,
    0.00244216
  ],
  "ENS": [
    6.2,
    6.2
  ],
  "BTSE": [
    1.47,
    1.46
  ],
  "MON": [
    0.02178854,
    0.02178447
  ],
  "TEL": [
    0.00244996,
    0.00245001
  ],
  "HNT": [
    1.24,
    1.24
  ],
  "B": [
    0.224774,
    0.224916
  ],
  "USDA": [
    0.984014,
    0.984014
  ],
  "AUSD": [
    0.999956,
    0.999962
  ],
  "SAND": [
    0.080729,
    0.080699
  ],
  "LUNC": [
    0.00003932,
    0.00003931
  ],
  "TWT": [
    0.507807,
    0.509195
  ],
  "XPL": [
    0.094416,
    0.09449
  ],
  "STRK": [
    0.03736939,
    0.03749112
  ],
  "BCAP": [
    22.99,
    22.99
  ],
  "PENDLE": [
    1.26,
    1.26
  ],
  "GRASS": [
    0.379547,
    0.379273
  ],
  "UDS": [
    1.64,
    1.64
  ],
  "AB": [
    0.00206427,
    0.00206771
  ],
  "BORG": [
    0.206938,
    0.206564
  ],
  "NUSD": [
    0.999739,
    0.999431
  ],
  "AXS": [
    1.18,
    1.18
  ],
  "9BIT": [
    0.02405559,
    0.02404065
  ],
  "FARTCOIN": [
    0.19647,
    0.197322
  ],
  "REUSD": [
    1.068,
    1.068
  ],
  "XCN": [
    0.00521946,
    0.00520365
  ],
  "USTBL": [
    1.078,
    1.078
  ],
  "NEO": [
    2.69,
    2.69
  ],
  "PC0000031": [
    1,
    1
  ],
  "REAL": [
    0.059677,
    0.059745
  ],
  "VSN": [
    0.052407,
    0.052409
  ],
  "COMP": [
    19.21,
    19.17
  ],
  "FLUID": [
    2.33,
    2.36
  ],
  "WAL": [
    0.080142,
    0.080181
  ],
  "WIF": [
    0.179495,
    0.179477
  ],
  "FDIT": [
    1,
    1
  ],
  "WFI": [
    2.17,
    2.17
  ],
  "IUSD": [
    1,
    0.999968
  ],
  "H": [
    0.095183,
    0.095008
  ],
  "ZK": [
    0.01857355,
    0.01856992
  ],
  "THETA": [
    0.16964,
    0.169653
  ],
  "MANA": [
    0.087337,
    0.087394
  ],
  "CVX": [
    1.84,
    1.84
  ],
  "S": [
    0.04425225,
    0.04424693
  ],
  "FF": [
    0.070828,
    0.07084
  ],
  "RAY": [
    0.616977,
    0.616811
  ],
  "MX": [
    1.79,
    1.79
  ],
  "KOGE": [
    47.99,
    48
  ]
}