{
  "TUSD": [
    0.999062,
    0.999129
  ],
  "ETHFI": [
    0.600662,
    0.601137
  ],
  "FTN": [
    1.089,
    1.089
  ],
  "A7A5": [
    0.01200033,
    0.01200049
  ],
  "VIRTUAL": [
    0.698351,
    0.697095
  ],
  "STX": [
    0.246547,
    0.246529
  ],
  "CAKE": [
    1.37,
    1.37
  ],
  "PENGU": [
    0.00712481,
    0.00710075
  ],
  "DCR": [
    25.32,
    25.17
  ],
  "EURC": [
    1.16,
    1.16
  ],
  "XTZ": [
    0.396693,
    0.396185
  ],
  "SEI": [
    0.062907,
    0.06291
  ],
  "JAAA": [
    1.027,
    1.027
  ],
  "DASH": [
    32.73,
    32.59
  ],
  "KITE": [
    0.216335,
    0.215537
  ],
  "FDUSD": [
    0.9993,
    0.999297
  ],
  "CHZ": [
    0.03604899,
    0.03604536
  ],
  "USX": [
    0.999838,
    0.99973
  ],
  "KAU": [
    149.23,
    149.22
  ],
  "PRIME": [
    1.029,
    1.028
  ],
  "CRV": [
    0.234543,
    0.234007
  ],
  "SUN": [
    0.01779686,
    0.01786291
  ],
  "GNO": [
    129.78,
    129.8
  ],
  "USDAI": [
    0.999888,
    0.999889
  ],
  "BTT": [
    3.36599e-7,
    3.36562e-7
  ],
  "NFT": [
    3.33739e-7,
    3.33721e-7
  ],
  "CFX": [
    0.063611,
    0.063421
  ],
  "DEXE": [
    6.93,
    6.96
  ],
  "ADI": [
    3.23,
    3.23
  ],
  "INJ": [
    3.12,
    3.11
  ],
  "KAIA": [
    0.051304,
    0.051323
  ],
  "TIA": [
    0.33285,
    0.33214
  ],
  "AERO": [
    0.320678,
    0.320825
  ],
  "BSV": [
    14.57,
    14.52
  ],
  "FLOKI": [
    0.00003004,
    0.00002991
  ],
  "SPX": [
    0.304706,
    0.304181
  ],
  "GRT": [
    0.02605541,
    0.02601526
  ],
  "JASMY": [
    0.0056576,
    0.00564931
  ],
  "VVV": [
    6.16,
    6.18
  ],
  "SYRUP": [
    0.238535,
    0.238688
  ],
  "FRAX": [
    0.990653,
    0.990399
  ],
  "APEPE": [
    0.00000129,
    0.00000129
  ],
  "LIT": [
    1.077,
    1.077
  ],
  "IOTA": [
    0.061321,
    0.061277
  ],
  "IP": [
    0.751582,
    0.753014
  ],
  "FO": [
    0.264023,
    0.264006
  ],
  "2Z": [
    0.075409,
    0.075437
  ],
  "OP": [
    0.12241,
    0.122203
  ],
  "CRVUSD": [
    0.999283,
    0.998743
  ],
  "ZBCN": [
    0.00254752,
    0.00260241
  ],
  "LDO": [
    0.298056,
    0.297632
  ],
  "OHM": [
    15.9,
    15.9
  ],
  "PYTH": [
    0.04324182,
    0.0430892
  ],
  "BTSE": [
    1.47,
    1.47
  ],
  "ENS": [
    6.2,
    6.19
  ],
  "MON": [
    0.02183683,
    0.02185095
  ],
  "TEL": [
    0.00244342,
    0.00244238
  ],
  "HNT": [
    1.25,
    1.25
  ],
  "B": [
    0.219965,
    0.220293
  ],
  "LUNC": [
    0.00003982,
    0.00003981
  ],
  "USDA": [
    0.984014,
    0.984014
  ],
  "XPL": [
    0.096525,
    0.096577
  ],
  "AUSD": [
    0.999908,
    0.999866
  ],
  "STRK": [
    0.03828419,
    0.03829626
  ],
  "SAND": [
    0.081193,
    0.081082
  ],
  "TWT": [
    0.509115,
    0.509321
  ],
  "BCAP": [
    22.99,
    22.99
  ],
  "PENDLE": [
    1.25,
    1.25
  ],
  "GRASS": [
    0.375498,
    0.375374
  ],
  "AB": [
    0.00205093,
    0.00205044
  ],
  "AXS": [
    1.19,
    1.19
  ],
  "NUSD": [
    0.999505,
    0.999589
  ],
  "XCN": [
    0.00524507,
    0.00531428
  ],
  "9BIT": [
    0.02414893,
    0.0241637
  ],
  "FARTCOIN": [
    0.197358,
    0.197009
  ],
  "BORG": [
    0.200757,
    0.200131
  ],
  "REUSD": [
    1.068,
    1.068
  ],
  "USTBL": [
    1.078,
    1.078
  ],
  "UDS": [
    1.53,
    1.53
  ],
  "PC0000031": [
    1,
    1
  ],
  "VSN": [
    0.052578,
    0.052561
  ],
  "NEO": [
    2.68,
    2.68
  ],
  "REAL": [
    0.059725,
    0.059717
  ],
  "COMP": [
    19.28,
    19.22
  ],
  "FLUID": [
    2.33,
    2.33
  ],
  "WIF": [
    0.18213,
    0.181433
  ],
  "WAL": [
    0.07997,
    0.07988
  ],
  "WFI": [
    2.16,
    2.16
  ],
  "IUSD": [
    0.999276,
    0.999311
  ],
  "FDIT": [
    1,
    1
  ],
  "H": [
    0.094912,
    0.094789
  ],
  "ZK": [
    0.01873512,
    0.01870009
  ],
  "MANA": [
    0.087788,
    0.087803
  ],
  "S": [
    0.04484425,
    0.04468638
  ],
  "CVX": [
    1.85,
    1.84
  ],
  "THETA": [
    0.16873,
    0.16855
  ],
  "RAY": [
    0.621639,
    0.622036
  ],
  "FF": [
    0.07078,
    0.070766
  ],
  "AKT": [
    0.626609,
    0.629584
  ],
  "MX": [
    1.79,
    1.79
  ]
}