{
  "VIRTUAL": [
    0.732582,
    0.733431
  ],
  "CAKE": [
    1.44
  ],
  "FTN": [
    1.089
  ],
  "PENGU": [
    0.00745424,
    0.00746007
  ],
  "DCR": [
    26.84
  ],
  "A7A5": [
    0.01183323,
    0.01185639
  ],
  "STX": [
    0.252633,
    0.252724
  ],
  "SEI": [
    0.065222,
    0.065242
  ],
  "ZRO": [
    2.16
  ],
  "ETHFI": [
    0.546894,
    0.546651
  ],
  "EURC": [
    1.15
  ],
  "XTZ": [
    0.388685,
    0.388422
  ],
  "JAAA": [
    1.027
  ],
  "DASH": [
    32.65
  ],
  "FDUSD": [
    0.999958,
    1
  ],
  "KAU": [
    157.02
  ],
  "CHZ": [
    0.03604675,
    0.03599881
  ],
  "USX": [
    0.999794,
    0.999776
  ],
  "CRV": [
    0.240677,
    0.240857
  ],
  "GNO": [
    134.81
  ],
  "KITE": [
    0.189943,
    0.190062
  ],
  "BTT": [
    3.4176e-7,
    3.42522e-7
  ],
  "NFT": [
    3.32975e-7,
    3.32937e-7
  ],
  "PRIME": [
    1.026
  ],
  "USDAI": [
    0.999784,
    0.999707
  ],
  "SUN": [
    0.01677722,
    0.01680382
  ],
  "CFX": [
    0.061088,
    0.061111
  ],
  "KAIA": [
    0.053357,
    0.053358
  ],
  "TIA": [
    0.348485,
    0.348712
  ],
  "INJ": [
    3.08
  ],
  "ADI": [
    3.13
  ],
  "AERO": [
    0.328567,
    0.329363
  ],
  "BSV": [
    15.16
  ],
  "LIT": [
    1.22
  ],
  "SPX": [
    0.314213,
    0.314678
  ],
  "FLOKI": [
    0.00002988,
    0.00002992
  ],
  "JASMY": [
    0.00583041,
    0.00583302
  ],
  "GRT": [
    0.02664007,
    0.0266462
  ],
  "IP": [
    0.795687,
    0.797652
  ],
  "SYRUP": [
    0.2403,
    0.240296
  ],
  "IOTA": [
    0.063582,
    0.063571
  ],
  "FRAX": [
    0.991909,
    0.992031
  ],
  "PYTH": [
    0.0473336,
    0.0473492
  ],
  "2Z": [
    0.078313,
    0.078321
  ],
  "APEPE": [
    0.00000128,
    0.00000128
  ],
  "OP": [
    0.127032,
    0.127167
  ],
  "OHM": [
    16.86
  ],
  "FO": [
    0.263722,
    0.263907
  ],
  "DEXE": [
    5.54
  ],
  "BTSE": [
    1.59
  ],
  "LDO": [
    0.302936,
    0.303178
  ],
  "CRVUSD": [
    1.002
  ],
  "GREAT": [
    12.14
  ],
  "MON": [
    0.02304011,
    0.02307351
  ],
  "VVV": [
    5.48
  ],
  "XPL": [
    0.108332,
    0.108433
  ],
  "ENS": [
    6.27
  ],
  "TEL": [
    0.00252097,
    0.00251893
  ],
  "B": [
    0.237545,
    0.237475
  ],
  "UDS": [
    1.86
  ],
  "HNT": [
    1.23
  ],
  "LUNC": [
    0.00004122,
    0.0000412
  ],
  "SAND": [
    0.083575,
    0.083609
  ],
  "USDA": [
    0.984161,
    0.984161
  ],
  "AUSD": [
    0.999927,
    0.999614
  ],
  "TWT": [
    0.516997,
    0.517171
  ],
  "STRK": [
    0.03766088,
    0.0376501
  ],
  "GRASS": [
    0.391744,
    0.39125
  ],
  "XCN": [
    0.00564145,
    0.00563737
  ],
  "AB": [
    0.00212668,
    0.00212712
  ],
  "BCAP": [
    22.99
  ],
  "PENDLE": [
    1.26
  ],
  "9BIT": [
    0.02541062,
    0.02540814
  ],
  "FARTCOIN": [
    0.206132,
    0.206467
  ],
  "NUSD": [
    0.997988,
    0.998931
  ],
  "BORG": [
    0.209116,
    0.208813
  ],
  "AXS": [
    1.2
  ],
  "ZBCN": [
    0.00205534,
    0.00205605
  ],
  "VSN": [
    0.053726,
    0.053645
  ],
  "USTBL": [
    1.077
  ],
  "WFI": [
    2.35
  ],
  "NEO": [
    2.69
  ],
  "PC0000031": [
    1
  ],
  "REUSD": [
    1.067
  ],
  "REAL": [
    0.05979,
    0.059956
  ],
  "H": [
    0.102628,
    0.102617
  ],
  "WAL": [
    0.081518,
    0.081686
  ],
  "COMP": [
    18.81
  ],
  "ZK": [
    0.01961015,
    0.01962175
  ],
  "THETA": [
    0.178263,
    0.178269
  ],
  "MANA": [
    0.092025,
    0.09199
  ],
  "FDIT": [
    1
  ],
  "WIF": [
    0.1776,
    0.178024
  ],
  "CVX": [
    1.93
  ],
  "FLUID": [
    2.25
  ],
  "IUSD": [
    0.999245,
    0.999668
  ],
  "S": [
    0.04556905,
    0.04560058
  ],
  "FF": [
    0.072589,
    0.072525
  ],
  "MX": [
    1.79
  ],
  "RAY": [
    0.611889,
    0.611831
  ]
}