{
  "VIRTUAL": [
    0.724468,
    0.726312
  ],
  "FTN": [
    1.089,
    1.089
  ],
  "CAKE": [
    1.43,
    1.43
  ],
  "A7A5": [
    0.01185585,
    0.01185586
  ],
  "PENGU": [
    0.00734288,
    0.0073518
  ],
  "DCR": [
    26.74,
    26.74
  ],
  "STX": [
    0.249244,
    0.249336
  ],
  "SEI": [
    0.064596,
    0.064685
  ],
  "ZRO": [
    2.14,
    2.14
  ],
  "EURC": [
    1.15,
    1.15
  ],
  "ETHFI": [
    0.540837,
    0.541596
  ],
  "XTZ": [
    0.388053,
    0.388137
  ],
  "JAAA": [
    1.027,
    1.027
  ],
  "DASH": [
    32.25,
    32.31
  ],
  "FDUSD": [
    0.999658,
    0.998243
  ],
  "KAU": [
    156.61,
    156.61
  ],
  "CHZ": [
    0.03569233,
    0.03572946
  ],
  "USX": [
    0.999983,
    0.999896
  ],
  "CRV": [
    0.238596,
    0.238607
  ],
  "GNO": [
    134.08,
    134.16
  ],
  "KITE": [
    0.19115,
    0.191804
  ],
  "BTT": [
    3.40548e-7,
    3.40504e-7
  ],
  "NFT": [
    3.32927e-7,
    3.32828e-7
  ],
  "PRIME": [
    1.025,
    1.028
  ],
  "USDAI": [
    0.999777,
    0.999685
  ],
  "SUN": [
    0.01678261,
    0.016796
  ],
  "CFX": [
    0.06106,
    0.061219
  ],
  "KAIA": [
    0.052954,
    0.052928
  ],
  "LIT": [
    1.23,
    1.23
  ],
  "TIA": [
    0.344209,
    0.344678
  ],
  "INJ": [
    3.04,
    3.05
  ],
  "ADI": [
    3.13,
    3.12
  ],
  "BSV": [
    15.05,
    15.07
  ],
  "AERO": [
    0.325129,
    0.325704
  ],
  "SPX": [
    0.309989,
    0.310588
  ],
  "JASMY": [
    0.00580041,
    0.00580067
  ],
  "FLOKI": [
    0.00002958,
    0.00002962
  ],
  "GRT": [
    0.02640979,
    0.02643518
  ],
  "IP": [
    0.786007,
    0.787316
  ],
  "SYRUP": [
    0.239296,
    0.239443
  ],
  "IOTA": [
    0.063223,
    0.063251
  ],
  "FRAX": [
    0.991489,
    0.993847
  ],
  "APEPE": [
    0.00000129,
    0.00000129
  ],
  "2Z": [
    0.077939,
    0.078049
  ],
  "PYTH": [
    0.04675628,
    0.04683908
  ],
  "OP": [
    0.125161,
    0.125398
  ],
  "FO": [
    0.263745,
    0.263769
  ],
  "OHM": [
    16.63,
    16.75
  ],
  "BTSE": [
    1.6,
    1.6
  ],
  "DEXE": [
    5.51,
    5.52
  ],
  "LDO": [
    0.299553,
    0.299841
  ],
  "GREAT": [
    12.15,
    12.15
  ],
  "CRVUSD": [
    1.001,
    1.003
  ],
  "MON": [
    0.02274847,
    0.02272843
  ],
  "VVV": [
    5.37,
    5.39
  ],
  "ENS": [
    6.2,
    6.21
  ],
  "XPL": [
    0.106605,
    0.10689
  ],
  "TEL": [
    0.00250325,
    0.0025011
  ],
  "B": [
    0.237414,
    0.237422
  ],
  "UDS": [
    1.86,
    1.86
  ],
  "HNT": [
    1.23,
    1.23
  ],
  "LUNC": [
    0.0000409,
    0.00004093
  ],
  "SAND": [
    0.082589,
    0.082663
  ],
  "USDA": [
    0.984161,
    0.984161
  ],
  "AUSD": [
    0.999814,
    0.9999
  ],
  "TWT": [
    0.513315,
    0.513493
  ],
  "GRASS": [
    0.391479,
    0.392139
  ],
  "STRK": [
    0.03721988,
    0.03727322
  ],
  "AB": [
    0.00212758,
    0.00212643
  ],
  "BCAP": [
    22.99,
    22.99
  ],
  "9BIT": [
    0.02538249,
    0.02537868
  ],
  "XCN": [
    0.00554323,
    0.00554277
  ],
  "PENDLE": [
    1.24,
    1.25
  ],
  "BORG": [
    0.207951,
    0.207647
  ],
  "NUSD": [
    0.99713,
    1.004
  ],
  "AXS": [
    1.19,
    1.19
  ],
  "ZBCN": [
    0.00205547,
    0.00205566
  ],
  "FARTCOIN": [
    0.198545,
    0.198755
  ],
  "USTBL": [
    1.077,
    1.077
  ],
  "VSN": [
    0.053626,
    0.053618
  ],
  "WFI": [
    2.32,
    2.32
  ],
  "PC0000031": [
    1,
    1
  ],
  "REUSD": [
    1.067,
    1.068
  ],
  "NEO": [
    2.67,
    2.67
  ],
  "REAL": [
    0.059028,
    0.059094
  ],
  "H": [
    0.101641,
    0.101699
  ],
  "COMP": [
    18.68,
    18.68
  ],
  "WAL": [
    0.080354,
    0.080456
  ],
  "ZK": [
    0.0194464,
    0.01952609
  ],
  "THETA": [
    0.176933,
    0.176764
  ],
  "FDIT": [
    1,
    1
  ],
  "MANA": [
    0.091078,
    0.091037
  ],
  "WIF": [
    0.17586,
    0.176137
  ],
  "IUSD": [
    0.998847,
    1.002
  ],
  "FLUID": [
    2.22,
    2.22
  ],
  "CVX": [
    1.9,
    1.9
  ],
  "S": [
    0.04491086,
    0.04493215
  ],
  "FF": [
    0.072346,
    0.072354
  ],
  "MX": [
    1.79,
    1.79
  ],
  "RAY": [
    0.608388,
    0.608869
  ]
}