{
  "VIRTUAL": [
    0.733111
  ],
  "PENGU": [
    0.00745342
  ],
  "A7A5": [
    0.01185619
  ],
  "STX": [
    0.252129
  ],
  "SEI": [
    0.065267
  ],
  "ETHFI": [
    0.545951
  ],
  "XTZ": [
    0.388923
  ],
  "FDUSD": [
    0.999182
  ],
  "CHZ": [
    0.03625531
  ],
  "USX": [
    0.999878
  ],
  "CRV": [
    0.240666
  ],
  "KITE": [
    0.190231
  ],
  "BTT": [
    3.41726e-7
  ],
  "NFT": [
    3.32901e-7
  ],
  "USDAI": [
    0.999705
  ],
  "SUN": [
    0.01676855
  ],
  "CFX": [
    0.061136
  ],
  "KAIA": [
    0.05327
  ],
  "TIA": [
    0.348681
  ],
  "AERO": [
    0.328421
  ],
  "SPX": [
    0.314242
  ],
  "JASMY": [
    0.00583188
  ],
  "FLOKI": [
    0.00002984
  ],
  "GRT": [
    0.02662637
  ],
  "IP": [
    0.795219
  ],
  "SYRUP": [
    0.240361
  ],
  "IOTA": [
    0.06366
  ],
  "FRAX": [
    0.99235
  ],
  "PYTH": [
    0.04732775
  ],
  "2Z": [
    0.078305
  ],
  "APEPE": [
    0.00000128
  ],
  "OP": [
    0.126976
  ],
  "FO": [
    0.263928
  ],
  "LDO": [
    0.302908
  ],
  "MON": [
    0.0229994
  ],
  "XPL": [
    0.108259
  ],
  "TEL": [
    0.00252089
  ],
  "B": [
    0.237661
  ],
  "LUNC": [
    0.00004124
  ],
  "SAND": [
    0.083568
  ],
  "USDA": [
    0.984161
  ],
  "AUSD": [
    0.999754
  ],
  "GRASS": [
    0.396503
  ],
  "TWT": [
    0.516984
  ],
  "STRK": [
    0.03767511
  ],
  "XCN": [
    0.00562599
  ],
  "AB": [
    0.0021271
  ],
  "9BIT": [
    0.02540087
  ],
  "FARTCOIN": [
    0.206007
  ],
  "NUSD": [
    0.999365
  ],
  "BORG": [
    0.208618
  ],
  "ZBCN": [
    0.00205838
  ],
  "VSN": [
    0.053851
  ],
  "REAL": [
    0.059796
  ],
  "H": [
    0.102615
  ],
  "WAL": [
    0.081533
  ],
  "ZK": [
    0.01960895
  ],
  "THETA": [
    0.178325
  ],
  "MANA": [
    0.091981
  ],
  "WIF": [
    0.177423
  ],
  "IUSD": [
    0.999884
  ],
  "S": [
    0.04555768
  ],
  "FF": [
    0.07257
  ],
  "RAY": [
    0.611916
  ]
}