{
  "FET": [
    0.218279
  ],
  "A7A5": [
    0.01200847,
    0.0121608
  ],
  "FTN": [
    1.089,
    1.089
  ],
  "ETHFI": [
    0.584998,
    0.587652
  ],
  "CAKE": [
    1.36,
    1.37
  ],
  "VIRTUAL": [
    0.673268,
    0.673272
  ],
  "STX": [
    0.238674,
    0.240551
  ],
  "PENGU": [
    0.00683005,
    0.00688843
  ],
  "EURC": [
    1.16,
    1.16
  ],
  "DCR": [
    24.47,
    24.35
  ],
  "XTZ": [
    0.389947,
    0.390627
  ],
  "JAAA": [
    1.027,
    1.027
  ],
  "SEI": [
    0.061964,
    0.061828
  ],
  "DASH": [
    31.48,
    31.51
  ],
  "KITE": [
    0.213766,
    0.214383
  ],
  "FDUSD": [
    1.001,
    0.999255
  ],
  "CHZ": [
    0.03513128,
    0.03551262
  ],
  "USX": [
    0.999769,
    0.999748
  ],
  "PRIME": [
    1.025,
    1.028
  ],
  "SUN": [
    0.01787289,
    0.01775435
  ],
  "CRV": [
    0.227894,
    0.227061
  ],
  "GNO": [
    127.52,
    127.68
  ],
  "KAU": [
    148.51,
    140.2
  ],
  "USDAI": [
    1,
    0.999681
  ],
  "NFT": [
    3.33842e-7,
    3.33104e-7
  ],
  "BTT": [
    3.35233e-7,
    3.32885e-7
  ],
  "CFX": [
    0.061963,
    0.062529
  ],
  "ADI": [
    3.24,
    3.24
  ],
  "INJ": [
    3.04,
    3.03
  ],
  "KAIA": [
    0.050759,
    0.05116
  ],
  "DEXE": [
    6.58,
    6.41
  ],
  "TIA": [
    0.322273,
    0.322586
  ],
  "AERO": [
    0.311676,
    0.310323
  ],
  "BSV": [
    14.19,
    14.21
  ],
  "FLOKI": [
    0.00002901,
    0.00002904
  ],
  "SPX": [
    0.291924,
    0.296918
  ],
  "FRAX": [
    0.990618,
    0.992485
  ],
  "GRT": [
    0.02543905,
    0.02532779
  ],
  "SYRUP": [
    0.235105,
    0.234466
  ],
  "APEPE": [
    0.00000129,
    0.00000129
  ],
  "JASMY": [
    0.00544433,
    0.00545934
  ],
  "VVV": [
    5.97,
    5.96
  ],
  "FO": [
    0.264387,
    0.264199
  ],
  "CRVUSD": [
    0.997582,
    1.001
  ],
  "2Z": [
    0.07373,
    0.074269
  ],
  "LIT": [
    1.048,
    1.03
  ],
  "IOTA": [
    0.059953,
    0.058759
  ],
  "IP": [
    0.731361,
    0.725427
  ],
  "OP": [
    0.118027,
    0.119377
  ],
  "OHM": [
    15.7,
    16.07
  ],
  "LDO": [
    0.289635,
    0.290547
  ],
  "PYTH": [
    0.04186972,
    0.04231775
  ],
  "BTSE": [
    1.48,
    1.48
  ],
  "ZBCN": [
    0.00251823,
    0.00239872
  ],
  "ENS": [
    6.01,
    6.08
  ],
  "MON": [
    0.02138355,
    0.0215302
  ],
  "TEL": [
    0.002404,
    0.00239145
  ],
  "HNT": [
    1.22,
    1.2
  ],
  "USDA": [
    0.984014,
    0.984014
  ],
  "AUSD": [
    0.99999,
    0.999939
  ],
  "B": [
    0.217195,
    0.215253
  ],
  "XPL": [
    0.092758,
    0.095201
  ],
  "SAND": [
    0.079134,
    0.079421
  ],
  "STRK": [
    0.03731611,
    0.03740201
  ],
  "LUNC": [
    0.00003907,
    0.00003864
  ],
  "BCAP": [
    22.99,
    22.99
  ],
  "TWT": [
    0.493673,
    0.496131
  ],
  "GRASS": [
    0.370394,
    0.375316
  ],
  "AB": [
    0.00205253,
    0.00205262
  ],
  "NUSD": [
    0.999307,
    0.999413
  ],
  "PENDLE": [
    1.21,
    1.21
  ],
  "9BIT": [
    0.02415183,
    0.02416969
  ],
  "REUSD": [
    1.068,
    1.067
  ],
  "BORG": [
    0.197023,
    0.198885
  ],
  "XCN": [
    0.00522588,
    0.0052257
  ],
  "USTBL": [
    1.078,
    1.078
  ],
  "AXS": [
    1.16,
    1.14
  ],
  "FARTCOIN": [
    0.186497,
    0.190396
  ],
  "UDS": [
    1.53,
    1.52
  ],
  "VSN": [
    0.05245,
    0.052697
  ],
  "PC0000031": [
    1,
    1
  ],
  "NEO": [
    2.63,
    2.64
  ],
  "REAL": [
    0.05817,
    0.058558
  ],
  "COMP": [
    18.92,
    18.99
  ],
  "WAL": [
    0.07812,
    0.079086
  ],
  "FLUID": [
    2.27,
    2.25
  ],
  "H": [
    0.093302,
    0.097506
  ],
  "FDIT": [
    1,
    1
  ],
  "WFI": [
    2.14,
    2.15
  ],
  "WIF": [
    0.174669,
    0.174729
  ],
  "IUSD": [
    0.999377,
    1
  ],
  "ZK": [
    0.01820107,
    0.0181195
  ],
  "CVX": [
    1.8,
    1.81
  ],
  "MANA": [
    0.084963,
    0.085639
  ],
  "FF": [
    0.070569,
    0.070629
  ],
  "THETA": [
    0.163431,
    0.164646
  ],
  "MX": [
    1.79,
    1.79
  ],
  "S": [
    0.04330125,
    0.04305829
  ],
  "RAY": [
    0.602027,
    0.604316
  ],
  "KOGE": [
    47.99,
    47.99
  ]
}