{
  "RIVER": [
    24.59,
    25.08
  ],
  "ETHFI": [
    0.617107,
    0.601539
  ],
  "FTN": [
    1.089,
    1.089
  ],
  "A7A5": [
    0.0117738,
    0.01177316
  ],
  "CAKE": [
    1.39,
    1.39
  ],
  "VIRTUAL": [
    0.701406,
    0.697716
  ],
  "STX": [
    0.24586,
    0.245944
  ],
  "DCR": [
    26.18,
    25.75
  ],
  "PENGU": [
    0.00712186,
    0.00709087
  ],
  "XTZ": [
    0.399045,
    0.399541
  ],
  "EURC": [
    1.16,
    1.16
  ],
  "SEI": [
    0.063503,
    0.063278
  ],
  "JAAA": [
    1.027,
    1.027
  ],
  "DASH": [
    32.19,
    32.1
  ],
  "KITE": [
    0.217149,
    0.217784
  ],
  "FDUSD": [
    0.999522,
    0.999537
  ],
  "CHZ": [
    0.03649661,
    0.03639866
  ],
  "USX": [
    0.99975,
    0.999753
  ],
  "PRIME": [
    1.029,
    1.027
  ],
  "KAU": [
    147.35,
    147.35
  ],
  "CRV": [
    0.234527,
    0.233741
  ],
  "GNO": [
    130.92,
    131.01
  ],
  "CFX": [
    0.065905,
    0.065684
  ],
  "SUN": [
    0.01788086,
    0.01755124
  ],
  "BTT": [
    3.36976e-7,
    3.36896e-7
  ],
  "NFT": [
    3.33908e-7,
    3.33755e-7
  ],
  "USDAI": [
    0.999685,
    0.999866
  ],
  "ADI": [
    3.23,
    3.23
  ],
  "INJ": [
    3.1,
    3.09
  ],
  "KAIA": [
    0.051313,
    0.051221
  ],
  "TIA": [
    0.335134,
    0.333148
  ],
  "AERO": [
    0.320794,
    0.319833
  ],
  "DEXE": [
    6.42,
    6.29
  ],
  "BSV": [
    14.72,
    14.67
  ],
  "FLOKI": [
    0.0000299,
    0.00002982
  ],
  "SPX": [
    0.306936,
    0.305349
  ],
  "GRT": [
    0.0261641,
    0.02609412
  ],
  "JASMY": [
    0.0056446,
    0.00563425
  ],
  "SYRUP": [
    0.237513,
    0.237656
  ],
  "FRAX": [
    0.992701,
    0.992312
  ],
  "LIT": [
    1.081,
    1.084
  ],
  "APEPE": [
    0.00000129,
    0.00000128
  ],
  "IOTA": [
    0.061548,
    0.061408
  ],
  "2Z": [
    0.076573,
    0.076382
  ],
  "FO": [
    0.264862,
    0.264819
  ],
  "IP": [
    0.749184,
    0.745353
  ],
  "OP": [
    0.123049,
    0.122463
  ],
  "CRVUSD": [
    0.99985,
    0.999587
  ],
  "LDO": [
    0.300295,
    0.299311
  ],
  "OHM": [
    16.19,
    16.07
  ],
  "VVV": [
    5.56,
    5.59
  ],
  "PYTH": [
    0.04315284,
    0.04303902
  ],
  "ZBCN": [
    0.00254773,
    0.00251754
  ],
  "ENS": [
    6.29,
    6.25
  ],
  "BTSE": [
    1.48,
    1.48
  ],
  "MON": [
    0.02189984,
    0.02185138
  ],
  "TEL": [
    0.00245054,
    0.00245246
  ],
  "HNT": [
    1.26,
    1.25
  ],
  "B": [
    0.226777,
    0.225826
  ],
  "USDA": [
    0.984014,
    0.984014
  ],
  "SAND": [
    0.081675,
    0.081298
  ],
  "AUSD": [
    0.999802,
    0.99981
  ],
  "LUNC": [
    0.00003944,
    0.00003949
  ],
  "XPL": [
    0.095233,
    0.095147
  ],
  "TWT": [
    0.510123,
    0.508196
  ],
  "GRASS": [
    0.380502,
    0.388004
  ],
  "PENDLE": [
    1.27,
    1.27
  ],
  "BCAP": [
    22.99,
    22.99
  ],
  "UDS": [
    1.68,
    1.68
  ],
  "STRK": [
    0.0361668,
    0.03659217
  ],
  "AB": [
    0.00206069,
    0.00206501
  ],
  "AXS": [
    1.2,
    1.2
  ],
  "NUSD": [
    1.001,
    0.999188
  ],
  "BORG": [
    0.202683,
    0.203373
  ],
  "XCN": [
    0.00522075,
    0.00521834
  ],
  "REUSD": [
    1.068,
    1.068
  ],
  "FARTCOIN": [
    0.196204,
    0.195549
  ],
  "USTBL": [
    1.078,
    1.078
  ],
  "NEO": [
    2.72,
    2.71
  ],
  "PC0000031": [
    1,
    1
  ],
  "VSN": [
    0.052663,
    0.05265
  ],
  "REAL": [
    0.05973,
    0.059773
  ],
  "9BIT": [
    0.02286346,
    0.02290215
  ],
  "COMP": [
    19.28,
    19.28
  ],
  "FLUID": [
    2.33,
    2.35
  ],
  "WAL": [
    0.080654,
    0.080324
  ],
  "WIF": [
    0.179125,
    0.179148
  ],
  "FDIT": [
    1,
    1
  ],
  "WFI": [
    2.17,
    2.17
  ],
  "IUSD": [
    0.999754,
    0.999769
  ],
  "H": [
    0.095272,
    0.095186
  ],
  "ZK": [
    0.01857313,
    0.01857554
  ],
  "THETA": [
    0.171432,
    0.171099
  ],
  "MANA": [
    0.088296,
    0.088046
  ],
  "CVX": [
    1.84,
    1.84
  ],
  "S": [
    0.0443739,
    0.04423191
  ],
  "RAY": [
    0.619181,
    0.617906
  ],
  "FF": [
    0.070899,
    0.070935
  ],
  "MX": [
    1.79,
    1.79
  ],
  "KOGE": [
    47.99,
    47.99
  ]
}