{
  "FTN": [
    1.088,
    1.088
  ],
  "CAKE": [
    1.42,
    1.42
  ],
  "VIRTUAL": [
    0.708303,
    0.704949
  ],
  "A7A5": [
    0.01169559,
    0.01186165
  ],
  "PENGU": [
    0.00720925,
    0.00723856
  ],
  "DCR": [
    26.23,
    26.18
  ],
  "RIVER": [
    23.29,
    22.97
  ],
  "STX": [
    0.246171,
    0.24573
  ],
  "ETHFI": [
    0.549228,
    0.562913
  ],
  "XTZ": [
    0.398255,
    0.396832
  ],
  "EURC": [
    1.15,
    1.15
  ],
  "SEI": [
    0.063566,
    0.063272
  ],
  "JAAA": [
    1.027,
    1.027
  ],
  "DASH": [
    31.74,
    31.68
  ],
  "FDUSD": [
    0.999407,
    0.999383
  ],
  "KITE": [
    0.212751,
    0.210853
  ],
  "CHZ": [
    0.03585799,
    0.03573236
  ],
  "USX": [
    0.999789,
    0.999619
  ],
  "KAU": [
    149.69,
    146.67
  ],
  "CRV": [
    0.234757,
    0.234948
  ],
  "PRIME": [
    1.027,
    1.026
  ],
  "GNO": [
    130.77,
    130.47
  ],
  "SUN": [
    0.01766797,
    0.01762774
  ],
  "CFX": [
    0.063974,
    0.063501
  ],
  "BTT": [
    3.34455e-7,
    3.3412e-7
  ],
  "NFT": [
    3.31218e-7,
    3.30963e-7
  ],
  "USDAI": [
    0.999974,
    0.999871
  ],
  "ADI": [
    3.29,
    3.26
  ],
  "INJ": [
    3.09,
    3.09
  ],
  "KAIA": [
    0.051294,
    0.051361
  ],
  "TIA": [
    0.33408,
    0.333505
  ],
  "AERO": [
    0.322296,
    0.322273
  ],
  "BSV": [
    14.35,
    14.6
  ],
  "DEXE": [
    6.14,
    6.23
  ],
  "LIT": [
    1.16,
    1.16
  ],
  "FLOKI": [
    0.0000297,
    0.00002987
  ],
  "SPX": [
    0.305031,
    0.304794
  ],
  "GRT": [
    0.02600376,
    0.02592342
  ],
  "SYRUP": [
    0.238879,
    0.239554
  ],
  "JASMY": [
    0.00563807,
    0.00559742
  ],
  "FRAX": [
    0.991605,
    0.992296
  ],
  "IOTA": [
    0.062037,
    0.062214
  ],
  "APEPE": [
    0.00000129,
    0.00000129
  ],
  "IP": [
    0.756733,
    0.754868
  ],
  "2Z": [
    0.076808,
    0.076272
  ],
  "FO": [
    0.263011,
    0.263775
  ],
  "OP": [
    0.124027,
    0.123193
  ],
  "CRVUSD": [
    0.99902,
    1.002
  ],
  "BTSE": [
    1.6,
    1.58
  ],
  "OHM": [
    16.43,
    16.3
  ],
  "VVV": [
    5.63,
    5.65
  ],
  "LDO": [
    0.296602,
    0.297337
  ],
  "PYTH": [
    0.04349275,
    0.04374816
  ],
  "MON": [
    0.02216989,
    0.02203551
  ],
  "ENS": [
    6.19,
    6.18
  ],
  "TEL": [
    0.00247763,
    0.00247359
  ],
  "ZBCN": [
    0.00229998,
    0.00239799
  ],
  "HNT": [
    1.25,
    1.24
  ],
  "B": [
    0.219673,
    0.220819
  ],
  "SAND": [
    0.082069,
    0.082264
  ],
  "LUNC": [
    0.0000401,
    0.00004014
  ],
  "USDA": [
    0.984014,
    0.984014
  ],
  "AUSD": [
    0.99998,
    0.999926
  ],
  "UDS": [
    1.72,
    1.72
  ],
  "XPL": [
    0.100501,
    0.095437
  ],
  "PENDLE": [
    1.26,
    1.27
  ],
  "BCAP": [
    22.99,
    22.99
  ],
  "TWT": [
    0.503615,
    0.501871
  ],
  "AXS": [
    1.22,
    1.23
  ],
  "AB": [
    0.00209646,
    0.00209125
  ],
  "GRASS": [
    0.381191,
    0.377762
  ],
  "NUSD": [
    0.998001,
    0.999251
  ],
  "STRK": [
    0.03571357,
    0.03564826
  ],
  "USTBL": [
    1.078,
    1.078
  ],
  "BORG": [
    0.205994,
    0.203669
  ],
  "FARTCOIN": [
    0.199093,
    0.197553
  ],
  "XCN": [
    0.0052972,
    0.00525965
  ],
  "REUSD": [
    1.067,
    1.067
  ],
  "NEO": [
    2.71,
    2.71
  ],
  "PC0000031": [
    1,
    1
  ],
  "VSN": [
    0.052664,
    0.052437
  ],
  "9BIT": [
    0.02291705,
    0.02287267
  ],
  "REAL": [
    0.058606,
    0.058601
  ],
  "COMP": [
    19.11,
    19.02
  ],
  "WFI": [
    2.23,
    2.23
  ],
  "WAL": [
    0.080812,
    0.080689
  ],
  "WIF": [
    0.177322,
    0.180333
  ],
  "FLUID": [
    2.27,
    2.28
  ],
  "FDIT": [
    1,
    1
  ],
  "IUSD": [
    0.999182,
    1
  ],
  "MANA": [
    0.089905,
    0.089811
  ],
  "H": [
    0.092774,
    0.095297
  ],
  "ZK": [
    0.01871145,
    0.01865092
  ],
  "THETA": [
    0.171514,
    0.171315
  ],
  "S": [
    0.04479775,
    0.04459003
  ],
  "FF": [
    0.071015,
    0.071097
  ],
  "CVX": [
    1.81,
    1.8
  ],
  "MX": [
    1.79,
    1.79
  ],
  "RAY": [
    0.610991,
    0.61097
  ],
  "KOGE": [
    47.99
  ]
}