{
  "VIRTUAL": [
    0.733158,
    0.732582
  ],
  "PENGU": [
    0.00745695,
    0.00745424
  ],
  "A7A5": [
    0.01183323,
    0.01183323
  ],
  "STX": [
    0.252131,
    0.252633
  ],
  "SEI": [
    0.065266,
    0.065222
  ],
  "ETHFI": [
    0.546116,
    0.546894
  ],
  "XTZ": [
    0.388943,
    0.388685
  ],
  "FDUSD": [
    0.999683,
    0.999958
  ],
  "CHZ": [
    0.03621616,
    0.03604675
  ],
  "USX": [
    0.999796,
    0.999794
  ],
  "CRV": [
    0.240681,
    0.240677
  ],
  "KITE": [
    0.189898,
    0.189943
  ],
  "BTT": [
    3.4198e-7,
    3.4176e-7
  ],
  "NFT": [
    3.32964e-7,
    3.32975e-7
  ],
  "USDAI": [
    0.999796,
    0.999784
  ],
  "SUN": [
    0.01677559,
    0.01677722
  ],
  "CFX": [
    0.061118,
    0.061088
  ],
  "KAIA": [
    0.053278,
    0.053357
  ],
  "TIA": [
    0.348682,
    0.348485
  ],
  "AERO": [
    0.328445,
    0.328567
  ],
  "SPX": [
    0.314227,
    0.314213
  ],
  "FLOKI": [
    0.00002985,
    0.00002988
  ],
  "JASMY": [
    0.00583058,
    0.00583041
  ],
  "GRT": [
    0.02663953,
    0.02664007
  ],
  "IP": [
    0.79534,
    0.795687
  ],
  "SYRUP": [
    0.240255,
    0.2403
  ],
  "IOTA": [
    0.06364,
    0.063582
  ],
  "FRAX": [
    0.991968,
    0.991909
  ],
  "PYTH": [
    0.04733743,
    0.0473336
  ],
  "2Z": [
    0.078303,
    0.078313
  ],
  "APEPE": [
    0.00000128,
    0.00000128
  ],
  "OP": [
    0.126997,
    0.127032
  ],
  "FO": [
    0.263928,
    0.263722
  ],
  "LDO": [
    0.302956,
    0.302936
  ],
  "MON": [
    0.02301358,
    0.02304011
  ],
  "XPL": [
    0.108272,
    0.108332
  ],
  "TEL": [
    0.00252147,
    0.00252097
  ],
  "B": [
    0.237702,
    0.237545
  ],
  "LUNC": [
    0.00004123,
    0.00004122
  ],
  "SAND": [
    0.083578,
    0.083575
  ],
  "USDA": [
    0.984161,
    0.984161
  ],
  "AUSD": [
    0.999951,
    0.999927
  ],
  "GRASS": [
    0.39344,
    0.391744
  ],
  "TWT": [
    0.516952,
    0.516997
  ],
  "STRK": [
    0.03768147,
    0.03766088
  ],
  "XCN": [
    0.00563839,
    0.00564145
  ],
  "AB": [
    0.00212742,
    0.00212668
  ],
  "9BIT": [
    0.02539448,
    0.02541062
  ],
  "FARTCOIN": [
    0.206049,
    0.206132
  ],
  "NUSD": [
    0.998114,
    0.997988
  ],
  "BORG": [
    0.209167,
    0.209116
  ],
  "ZBCN": [
    0.00205782,
    0.00205534
  ],
  "VSN": [
    0.05381,
    0.053726
  ],
  "REAL": [
    0.059811,
    0.05979
  ],
  "H": [
    0.102687,
    0.102628
  ],
  "WAL": [
    0.081511,
    0.081518
  ],
  "ZK": [
    0.01961067,
    0.01961015
  ],
  "THETA": [
    0.178407,
    0.178263
  ],
  "MANA": [
    0.091995,
    0.092025
  ],
  "WIF": [
    0.177455,
    0.1776
  ],
  "IUSD": [
    0.999308,
    0.999245
  ],
  "S": [
    0.04556324,
    0.04556905
  ],
  "FF": [
    0.072581,
    0.072589
  ],
  "RAY": [
    0.611892,
    0.611889
  ]
}