{
  "USDT": [
    0.999794,
    0.999799,
    0.999799
  ],
  "BTC": [
    68664,
    68676,
    68676
  ],
  "ETH": [
    2079.69,
    2080,
    2080
  ],
  "USDC": [
    0.999902,
    0.9999,
    0.9999
  ],
  "SOL": [
    87.11,
    87.12,
    87.12
  ],
  "XRP": [
    1.4,
    1.4,
    1.4
  ],
  "USD1": [
    0.999367,
    0.999286,
    0.999286
  ],
  "BNB": [
    629.99,
    629.81,
    629.81
  ],
  "DOGE": [
    0.090961,
    0.090966,
    0.090966
  ],
  "NIGHT": [
    0.04307544,
    0.04307673,
    0.04307673
  ],
  "TRX": [
    0.308855,
    0.308811,
    0.308811
  ],
  "ADA": [
    0.255757,
    0.255793,
    0.255793
  ],
  "SUI": [
    0.923197,
    0.92325,
    0.92325
  ],
  "FIGR_HELOC": [
    1,
    1,
    1
  ],
  "LINK": [
    8.8,
    8.8,
    8.8
  ],
  "TAO": [
    270.66,
    270.68,
    270.68
  ],
  "LTC": [
    54.17,
    54.17,
    54.17
  ],
  "ZEC": [
    218.53,
    218.52,
    218.52
  ],
  "QUQ": [
    0.00209694,
    0.00209694,
    0.00209694
  ],
  "PEPE": [
    0.0000033,
    0.0000033,
    0.0000033
  ],
  "HYPE": [
    38.02,
    38.02,
    38.02
  ],
  "AAVE": [
    107.76,
    107.78,
    107.78
  ],
  "AVAX": [
    9.13,
    9.13,
    9.13
  ],
  "ASTER": [
    0.669334,
    0.670017,
    0.670017
  ],
  "XAUT": [
    4491.66,
    4491.62,
    4491.62
  ],
  "WLD": [
    0.314545,
    0.314604,
    0.314604
  ],
  "BCH": [
    466.84,
    466.8,
    466.8
  ],
  "FDUSD": [
    0.999016,
    0.999105,
    0.999105
  ],
  "UNI": [
    3.47,
    3.47,
    3.47
  ],
  "DAI": [
    0.999954,
    0.99997,
    0.99997
  ],
  "FIL": [
    0.875188,
    0.875536,
    0.875536
  ],
  "DOT": [
    1.45,
    1.45,
    1.45
  ],
  "KOGE": [
    47.99,
    47.99,
    47.99
  ],
  "USAD": [
    1.001,
    1.001,
    1.001
  ],
  "TRUMP": [
    3.18,
    3.18,
    3.18
  ],
  "SHIB": [
    0.00000577,
    0.00000577,
    0.00000577
  ],
  "NEAR": [
    1.29,
    1.29,
    1.29
  ],
  "PAXG": [
    4503.99,
    4503.98,
    4503.98
  ],
  "WMTX": [
    0.089673,
    0.089752,
    0.089752
  ],
  "RUSD": [
    0.999877,
    0.999833,
    0.999833
  ],
  "FET": [
    0.219778,
    0.219765,
    0.219765
  ],
  "TON": [
    1.25,
    1.25,
    1.25
  ],
  "WLFI": [
    0.095899,
    0.095923,
    0.095923
  ],
  "APT": [
    0.953989,
    0.95414,
    0.95414
  ],
  "WIF": [
    0.17177,
    0.171771,
    0.171771
  ],
  "ETHFI": [
    0.572942,
    0.573022,
    0.573022
  ],
  "ANKR": [
    0.00561396,
    0.00561194,
    0.00561194
  ],
  "ENA": [
    0.098048,
    0.098074,
    0.098074
  ],
  "XLM": [
    0.159459,
    0.159466,
    0.159466
  ],
  "PENGU": [
    0.00676766,
    0.00676896,
    0.00676896
  ]
}