{
  "VIRTUAL": [
    0.733431,
    0.727696
  ],
  "CAKE": [
    1.44,
    1.43
  ],
  "FTN": [
    1.089,
    1.088
  ],
  "A7A5": [
    0.01185639,
    0.01185658
  ],
  "PENGU": [
    0.00746007,
    0.00739376
  ],
  "DCR": [
    26.84,
    26.71
  ],
  "STX": [
    0.252724,
    0.251751
  ],
  "SEI": [
    0.065242,
    0.065116
  ],
  "ZRO": [
    2.16,
    2.15
  ],
  "EURC": [
    1.15,
    1.15
  ],
  "ETHFI": [
    0.546651,
    0.54389
  ],
  "XTZ": [
    0.388422,
    0.388178
  ],
  "JAAA": [
    1.027,
    1.027
  ],
  "DASH": [
    32.65,
    32.4
  ],
  "FDUSD": [
    1,
    0.999997
  ],
  "KAU": [
    157.02,
    157.09
  ],
  "CHZ": [
    0.03599881,
    0.03590713
  ],
  "USX": [
    0.999776,
    0.999758
  ],
  "CRV": [
    0.240857,
    0.239939
  ],
  "GNO": [
    134.81,
    134.63
  ],
  "KITE": [
    0.190062,
    0.190706
  ],
  "BTT": [
    3.42522e-7,
    3.42288e-7
  ],
  "NFT": [
    3.32937e-7,
    3.32767e-7
  ],
  "PRIME": [
    1.026,
    1.026
  ],
  "USDAI": [
    0.999707,
    0.999795
  ],
  "SUN": [
    0.01680382,
    0.01680706
  ],
  "CFX": [
    0.061111,
    0.06151
  ],
  "KAIA": [
    0.053358,
    0.053302
  ],
  "TIA": [
    0.348712,
    0.34631
  ],
  "LIT": [
    1.22,
    1.24
  ],
  "INJ": [
    3.08,
    3.06
  ],
  "ADI": [
    3.13,
    3.11
  ],
  "BSV": [
    15.16,
    15.1
  ],
  "AERO": [
    0.329363,
    0.327514
  ],
  "SPX": [
    0.314678,
    0.312761
  ],
  "JASMY": [
    0.00583302,
    0.00582818
  ],
  "FLOKI": [
    0.00002992,
    0.00002976
  ],
  "GRT": [
    0.0266462,
    0.02652227
  ],
  "IP": [
    0.797652,
    0.798659
  ],
  "SYRUP": [
    0.240296,
    0.240129
  ],
  "IOTA": [
    0.063571,
    0.063383
  ],
  "FRAX": [
    0.992031,
    0.99087
  ],
  "2Z": [
    0.078321,
    0.077933
  ],
  "PYTH": [
    0.0473492,
    0.04699409
  ],
  "APEPE": [
    0.00000128,
    0.00000128
  ],
  "OP": [
    0.127167,
    0.126325
  ],
  "FO": [
    0.263907,
    0.263707
  ],
  "OHM": [
    16.86,
    16.73
  ],
  "BTSE": [
    1.59,
    1.59
  ],
  "LDO": [
    0.303178,
    0.301732
  ],
  "DEXE": [
    5.54,
    5.46
  ],
  "GREAT": [
    12.14,
    12.15
  ],
  "CRVUSD": [
    1.002,
    1.001
  ],
  "MON": [
    0.02307351,
    0.02285973
  ],
  "VVV": [
    5.48,
    5.42
  ],
  "XPL": [
    0.108433,
    0.10766
  ],
  "ENS": [
    6.27,
    6.25
  ],
  "TEL": [
    0.00251893,
    0.00251393
  ],
  "B": [
    0.237475,
    0.236559
  ],
  "UDS": [
    1.86,
    1.86
  ],
  "HNT": [
    1.23,
    1.22
  ],
  "LUNC": [
    0.0000412,
    0.00004093
  ],
  "SAND": [
    0.083609,
    0.083096
  ],
  "USDA": [
    0.984161,
    0.984161
  ],
  "AUSD": [
    0.999614,
    0.999954
  ],
  "TWT": [
    0.517171,
    0.517311
  ],
  "STRK": [
    0.0376501,
    0.03750449
  ],
  "GRASS": [
    0.39125,
    0.3874
  ],
  "AB": [
    0.00212712,
    0.00212958
  ],
  "BCAP": [
    22.99,
    22.99
  ],
  "XCN": [
    0.00563737,
    0.00555228
  ],
  "9BIT": [
    0.02540814,
    0.025391
  ],
  "PENDLE": [
    1.26,
    1.26
  ],
  "BORG": [
    0.208813,
    0.208952
  ],
  "NUSD": [
    0.998931,
    0.995194
  ],
  "AXS": [
    1.2,
    1.2
  ],
  "FARTCOIN": [
    0.206467,
    0.201533
  ],
  "ZBCN": [
    0.00205605,
    0.0020509
  ],
  "USTBL": [
    1.077,
    1.077
  ],
  "VSN": [
    0.053645,
    0.053705
  ],
  "WFI": [
    2.35,
    2.34
  ],
  "PC0000031": [
    1,
    1
  ],
  "REUSD": [
    1.067,
    1.067
  ],
  "NEO": [
    2.69,
    2.67
  ],
  "REAL": [
    0.059956,
    0.059515
  ],
  "H": [
    0.102617,
    0.101977
  ],
  "WAL": [
    0.081686,
    0.081186
  ],
  "ZK": [
    0.01962175,
    0.0196739
  ],
  "COMP": [
    18.81,
    18.73
  ],
  "THETA": [
    0.178269,
    0.178553
  ],
  "FDIT": [
    1,
    1
  ],
  "MANA": [
    0.09199,
    0.091519
  ],
  "WIF": [
    0.178024,
    0.176887
  ],
  "FLUID": [
    2.25,
    2.24
  ],
  "CVX": [
    1.93,
    1.91
  ],
  "IUSD": [
    0.999668,
    0.997919
  ],
  "S": [
    0.04560058,
    0.04519064
  ],
  "FF": [
    0.072525,
    0.07238
  ],
  "MX": [
    1.79,
    1.79
  ],
  "RAY": [
    0.611831,
    0.610596
  ]
}