{
  "TUSD": [
    0.999203
  ],
  "FTN": [
    1.089,
    1.089
  ],
  "ETHFI": [
    0.585736,
    0.592696
  ],
  "A7A5": [
    0.01171651,
    0.01171695
  ],
  "VIRTUAL": [
    0.698035,
    0.694693
  ],
  "CAKE": [
    1.37,
    1.37
  ],
  "STX": [
    0.246063,
    0.245643
  ],
  "PENGU": [
    0.00707257,
    0.00706501
  ],
  "DCR": [
    25.13,
    25.17
  ],
  "EURC": [
    1.16,
    1.16
  ],
  "XTZ": [
    0.394468,
    0.394986
  ],
  "SEI": [
    0.06303,
    0.063113
  ],
  "JAAA": [
    1.027,
    1.027
  ],
  "DASH": [
    32.66,
    32.84
  ],
  "KITE": [
    0.221953,
    0.218079
  ],
  "FDUSD": [
    0.9996,
    0.999339
  ],
  "CHZ": [
    0.03623667,
    0.03617552
  ],
  "USX": [
    0.99984,
    0.99969
  ],
  "PRIME": [
    1.028,
    1.028
  ],
  "KAU": [
    147.67,
    147.65
  ],
  "CRV": [
    0.234721,
    0.23475
  ],
  "GNO": [
    130.48,
    129.99
  ],
  "SUN": [
    0.01772502,
    0.01783782
  ],
  "USDAI": [
    1,
    0.999915
  ],
  "BTT": [
    3.36592e-7,
    3.36419e-7
  ],
  "CFX": [
    0.064094,
    0.063723
  ],
  "NFT": [
    3.33498e-7,
    3.33637e-7
  ],
  "ADI": [
    3.24,
    3.24
  ],
  "INJ": [
    3.12,
    3.12
  ],
  "KAIA": [
    0.051201,
    0.051323
  ],
  "TIA": [
    0.333927,
    0.333429
  ],
  "AERO": [
    0.321041,
    0.321318
  ],
  "DEXE": [
    6.15,
    6.23
  ],
  "BSV": [
    14.53,
    14.55
  ],
  "FLOKI": [
    0.00002985,
    0.00002978
  ],
  "SPX": [
    0.304579,
    0.304277
  ],
  "JASMY": [
    0.00567041,
    0.00568169
  ],
  "GRT": [
    0.02604454,
    0.02602699
  ],
  "VVV": [
    6.2,
    6.12
  ],
  "SYRUP": [
    0.235706,
    0.236635
  ],
  "FRAX": [
    0.992256,
    0.992004
  ],
  "APEPE": [
    0.00000128,
    0.00000128
  ],
  "IOTA": [
    0.061591,
    0.061529
  ],
  "LIT": [
    1.049,
    1.058
  ],
  "FO": [
    0.263912,
    0.264124
  ],
  "2Z": [
    0.075791,
    0.075715
  ],
  "IP": [
    0.740483,
    0.742452
  ],
  "OP": [
    0.122913,
    0.122677
  ],
  "CRVUSD": [
    0.99974,
    1
  ],
  "LDO": [
    0.298607,
    0.29827
  ],
  "ZBCN": [
    0.00252258,
    0.00254967
  ],
  "OHM": [
    15.9,
    15.91
  ],
  "PYTH": [
    0.04316089,
    0.04298091
  ],
  "MON": [
    0.02188262,
    0.02199499
  ],
  "ENS": [
    6.22,
    6.2
  ],
  "BTSE": [
    1.46,
    1.46
  ],
  "TEL": [
    0.00244566,
    0.00244574
  ],
  "HNT": [
    1.23,
    1.23
  ],
  "STRK": [
    0.03954511,
    0.03977819
  ],
  "B": [
    0.217575,
    0.218314
  ],
  "USDA": [
    0.984014,
    0.984014
  ],
  "XPL": [
    0.096377,
    0.096537
  ],
  "SAND": [
    0.081327,
    0.081201
  ],
  "AUSD": [
    0.999995,
    0.999852
  ],
  "LUNC": [
    0.0000395,
    0.00003961
  ],
  "TWT": [
    0.502389,
    0.505671
  ],
  "BCAP": [
    22.99,
    22.99
  ],
  "PENDLE": [
    1.26,
    1.26
  ],
  "GRASS": [
    0.3849,
    0.382912
  ],
  "AXS": [
    1.19,
    1.2
  ],
  "AB": [
    0.00205172,
    0.00205001
  ],
  "NUSD": [
    0.999465,
    0.999293
  ],
  "BORG": [
    0.201744,
    0.202113
  ],
  "9BIT": [
    0.02422715,
    0.02416854
  ],
  "XCN": [
    0.00523802,
    0.00523093
  ],
  "FARTCOIN": [
    0.195909,
    0.195826
  ],
  "REUSD": [
    1.068,
    1.068
  ],
  "USTBL": [
    1.078,
    1.078
  ],
  "UDS": [
    1.55,
    1.55
  ],
  "VSN": [
    0.052792,
    0.052985
  ],
  "PC0000031": [
    1,
    1
  ],
  "REAL": [
    0.059642,
    0.059694
  ],
  "NEO": [
    2.67,
    2.67
  ],
  "COMP": [
    19.21,
    19.23
  ],
  "FLUID": [
    2.34,
    2.34
  ],
  "WIF": [
    0.181995,
    0.180578
  ],
  "WAL": [
    0.079779,
    0.079936
  ],
  "IUSD": [
    0.999502,
    0.999168
  ],
  "WFI": [
    2.15,
    2.16
  ],
  "FDIT": [
    1,
    1
  ],
  "ZK": [
    0.01885849,
    0.01881491
  ],
  "H": [
    0.094501,
    0.094951
  ],
  "MANA": [
    0.088032,
    0.087905
  ],
  "S": [
    0.0451086,
    0.04484521
  ],
  "THETA": [
    0.169765,
    0.169483
  ],
  "CVX": [
    1.83,
    1.84
  ],
  "FF": [
    0.070884,
    0.070868
  ],
  "RAY": [
    0.616241,
    0.616052
  ],
  "MX": [
    1.79,
    1.79
  ],
  "KOGE": [
    47.99,
    47.99
  ]
}