{
  "BTC": 71583,
  "ETH": 2198.43,
  "USDT": 1,
  "XRP": 1.46,
  "BNB": 649.74,
  "USDC": 0.999928,
  "SOL": 90.1,
  "TRX": 0.30352,
  "FIGR_HELOC": 1.024,
  "DOGE": 0.09494,
  "WBT": 57.17,
  "USDS": 0.999878,
  "HYPE": 42.79,
  "ADA": 0.273522,
  "BCH": 454.06,
  "LEO": 9.06,
  "LINK": 9.24,
  "XMR": 350.46,
  "USDE": 0.999858,
  "XLM": 0.169395,
  "CC": 0.146045,
  "USD1": 0.999268,
  "LTC": 56.03,
  "DAI": 0.999751,
  "RAIN": 0.0089397,
  "AVAX": 9.64,
  "ZEC": 249.8,
  "HBAR": 0.095908,
  "PYUSD": 1.001,
  "SUI": 0.982212,
  "SHIB": 0.00000579,
  "CRO": 0.076565,
  "TON": 1.3,
  "M": 1.83,
  "XAUT": 4861.02,
  "WLFI": 0.098518,
  "DOT": 1.57,
  "TAO": 269.05,
  "MNT": 0.791953,
  "PAXG": 4871.92,
  "USYC": 1.12,
  "UNI": 3.65,
  "BUIDL": 1,
  "OKB": 91.43,
  "NEAR": 1.39,
  "USDG": 0.999999,
  "USDF": 0.997273,
  "AAVE": 114.62,
  "ASTER": 0.697922,
  "PI": 0.173956,
  "SKY": 0.0732,
  "HTX": 0.00000167,
  "RLUSD": 0.999529,
  "BGB": 2.14,
  "PEPE": 0.0000035,
  "ICP": 2.58,
  "BFUSD": 0.999299,
  "ETC": 8.45,
  "USDY": 1.12,
  "ONDO": 0.266099,
  "PUMP": 0.00196334,
  "GT": 6.97,
  "USTB": 11.02,
  "WLD": 0.364471,
  "KCS": 8.07,
  "KAS": 0.03848645,
  "POL": 0.097146,
  "QNT": 70.39,
  "EUTBL": 1.21,
  "MORPHO": 1.79,
  "ATOM": 1.9,
  "ENA": 0.108749,
  "RENDER": 1.74,
  "NEXO": 0.89631,
  "JTRSY": 1.098,
  "USDTB": 0.99979,
  "TRUMP": 3.52,
  "ALGO": 0.090701,
  "NIGHT": 0.04766531,
  "APT": 0.955751,
  "USDD": 1,
  "FLR": 0.0084505,
  "OUSG": 114.62,
  "FIL": 0.921467,
  "HASH": 0.01220631,
  "SIREN": 0.894145,
  "XDC": 0.03216299,
  "VET": 0.00725419,
  "ARB": 0.102091,
  "BDX": 0.080291,
  "GHO": 0.999687,
  "JUP": 0.16433,
  "YLDS": 0.999854,
  "USD0": 0.997654,
  "STABLE": 0.02630632,
  "BONK": 0.00000614,
  "JST": 0.058068,
  "FET": 0.223429,
  "TUSD": 0.999988,
  "RIVER": 24.93
}