{
  "FTN": [
    1.089,
    1.088
  ],
  "FET": [
    0.20454,
    0.206978
  ],
  "CAKE": [
    1.41,
    1.41
  ],
  "A7A5": [
    0.01169664,
    0.0116693
  ],
  "DCR": [
    26.41,
    26.35
  ],
  "VIRTUAL": [
    0.701519,
    0.693451
  ],
  "STX": [
    0.24402,
    0.243802
  ],
  "PENGU": [
    0.00702884,
    0.00699424
  ],
  "EURC": [
    1.15,
    1.16
  ],
  "SEI": [
    0.063277,
    0.063459
  ],
  "JAAA": [
    1.027,
    1.027
  ],
  "ETHFI": [
    0.530171,
    0.527775
  ],
  "XTZ": [
    0.384545,
    0.384269
  ],
  "DASH": [
    31.54,
    31.33
  ],
  "FDUSD": [
    0.999837,
    0.999924
  ],
  "CHZ": [
    0.03556408,
    0.03557705
  ],
  "USX": [
    0.999722,
    0.999842
  ],
  "KITE": [
    0.194217,
    0.198184
  ],
  "KAU": [
    148.27,
    148.13
  ],
  "CRV": [
    0.233181,
    0.232365
  ],
  "GNO": [
    131.22,
    130.57
  ],
  "PRIME": [
    1.027,
    1.026
  ],
  "SUN": [
    0.01746408,
    0.01748176
  ],
  "BTT": [
    3.33658e-7,
    3.3325e-7
  ],
  "NFT": [
    3.31937e-7,
    3.31774e-7
  ],
  "USDAI": [
    0.999628,
    0.99969
  ],
  "ADI": [
    3.26,
    3.29
  ],
  "CFX": [
    0.061283,
    0.06126
  ],
  "KAIA": [
    0.05142,
    0.051416
  ],
  "TIA": [
    0.336337,
    0.333429
  ],
  "INJ": [
    2.98,
    2.98
  ],
  "AERO": [
    0.321608,
    0.319193
  ],
  "LIT": [
    1.14,
    1.17
  ],
  "DEXE": [
    6.22,
    6.19
  ],
  "BSV": [
    14.49,
    14.36
  ],
  "FLOKI": [
    0.0000292,
    0.00002913
  ],
  "JASMY": [
    0.0056617,
    0.00562288
  ],
  "SPX": [
    0.301193,
    0.298144
  ],
  "SYRUP": [
    0.241279,
    0.238949
  ],
  "GRT": [
    0.02582669,
    0.02568047
  ],
  "FRAX": [
    0.992663,
    0.992445
  ],
  "IP": [
    0.774776,
    0.76809
  ],
  "IOTA": [
    0.061807,
    0.06207
  ],
  "2Z": [
    0.076905,
    0.07745
  ],
  "APEPE": [
    0.00000128,
    0.00000128
  ],
  "FO": [
    0.263258,
    0.263299
  ],
  "BTSE": [
    1.61,
    1.6
  ],
  "CRVUSD": [
    1.007,
    0.999835
  ],
  "OHM": [
    16.61,
    16.53
  ],
  "PYTH": [
    0.04462353,
    0.04434826
  ],
  "OP": [
    0.120394,
    0.120086
  ],
  "LDO": [
    0.295393,
    0.294918
  ],
  "B": [
    0.240583,
    0.241493
  ],
  "MON": [
    0.02203355,
    0.02208323
  ],
  "ENS": [
    6.22,
    6.18
  ],
  "VVV": [
    5.28,
    5.26
  ],
  "HNT": [
    1.3,
    1.27
  ],
  "TEL": [
    0.00246937,
    0.00245932
  ],
  "ZBCN": [
    0.00208535,
    0.00227729
  ],
  "XPL": [
    0.100689,
    0.09908
  ],
  "UDS": [
    1.81,
    1.78
  ],
  "LUNC": [
    0.00003998,
    0.00003984
  ],
  "USDA": [
    0.984014,
    0.984014
  ],
  "AUSD": [
    0.999934,
    1
  ],
  "SAND": [
    0.081498,
    0.081076
  ],
  "TWT": [
    0.514423,
    0.513867
  ],
  "BCAP": [
    22.99,
    22.99
  ],
  "GRASS": [
    0.375497,
    0.38308
  ],
  "AB": [
    0.00209806,
    0.0020964
  ],
  "STRK": [
    0.03663039,
    0.03659939
  ],
  "PENDLE": [
    1.25,
    1.24
  ],
  "NUSD": [
    1,
    0.999786
  ],
  "BORG": [
    0.20307,
    0.205704
  ],
  "9BIT": [
    0.0247308,
    0.02445505
  ],
  "AXS": [
    1.17,
    1.18
  ],
  "XCN": [
    0.0053601,
    0.00523617
  ],
  "USTBL": [
    1.077,
    1.077
  ],
  "REUSD": [
    1.067,
    1.067
  ],
  "NEO": [
    2.72,
    2.71
  ],
  "PC0000031": [
    1,
    1
  ],
  "VSN": [
    0.052703,
    0.052487
  ],
  "FARTCOIN": [
    0.191161,
    0.187886
  ],
  "REAL": [
    0.058401,
    0.058176
  ],
  "COMP": [
    18.49,
    18.67
  ],
  "WFI": [
    2.23,
    2.21
  ],
  "FDIT": [
    1,
    1
  ],
  "ZK": [
    0.01899951,
    0.01911257
  ],
  "FLUID": [
    2.19,
    2.24
  ],
  "WAL": [
    0.078955,
    0.078354
  ],
  "IUSD": [
    1.001,
    1
  ],
  "H": [
    0.097513,
    0.095095
  ],
  "MANA": [
    0.089449,
    0.089124
  ],
  "THETA": [
    0.172838,
    0.172336
  ],
  "WIF": [
    0.1726,
    0.172301
  ],
  "FF": [
    0.070468,
    0.070531
  ],
  "S": [
    0.04398882,
    0.04355643
  ],
  "MX": [
    1.79,
    1.79
  ],
  "RAY": [
    0.610137,
    0.606575
  ],
  "KOGE": [
    48,
    48
  ],
  "CVX": [
    1.76
  ]
}