{
  "RIVER": [
    24.11,
    24.61
  ],
  "ETHFI": [
    0.595396,
    0.598959
  ],
  "FTN": [
    1.089,
    1.089
  ],
  "A7A5": [
    0.01177335,
    0.01177334
  ],
  "CAKE": [
    1.39,
    1.39
  ],
  "VIRTUAL": [
    0.697302,
    0.693068
  ],
  "STX": [
    0.245588,
    0.244702
  ],
  "PENGU": [
    0.00709288,
    0.00706312
  ],
  "XTZ": [
    0.40027,
    0.398773
  ],
  "EURC": [
    1.16,
    1.16
  ],
  "DCR": [
    24.74,
    24.52
  ],
  "SEI": [
    0.062899,
    0.063184
  ],
  "JAAA": [
    1.027,
    1.027
  ],
  "DASH": [
    32.32,
    32.27
  ],
  "KITE": [
    0.215564,
    0.219524
  ],
  "FDUSD": [
    0.999377,
    0.999493
  ],
  "CHZ": [
    0.0363624,
    0.03619207
  ],
  "USX": [
    0.999818,
    0.999722
  ],
  "PRIME": [
    1.028,
    1.028
  ],
  "KAU": [
    146.85,
    146.89
  ],
  "CRV": [
    0.233642,
    0.233052
  ],
  "GNO": [
    131.52,
    130.85
  ],
  "SUN": [
    0.01755311,
    0.01775696
  ],
  "CFX": [
    0.064667,
    0.064524
  ],
  "BTT": [
    3.36672e-7,
    3.36675e-7
  ],
  "NFT": [
    3.34512e-7,
    3.34623e-7
  ],
  "USDAI": [
    0.999592,
    0.999423
  ],
  "ADI": [
    3.23,
    3.23
  ],
  "INJ": [
    3.1,
    3.09
  ],
  "KAIA": [
    0.051679,
    0.051764
  ],
  "TIA": [
    0.332604,
    0.331909
  ],
  "AERO": [
    0.320319,
    0.319518
  ],
  "BSV": [
    14.65,
    14.65
  ],
  "FLOKI": [
    0.00002982,
    0.00002969
  ],
  "DEXE": [
    6.25,
    6.07
  ],
  "SPX": [
    0.305953,
    0.304162
  ],
  "GRT": [
    0.02595756,
    0.02592013
  ],
  "JASMY": [
    0.00562755,
    0.00560882
  ],
  "FRAX": [
    0.992646,
    0.992462
  ],
  "SYRUP": [
    0.237209,
    0.236279
  ],
  "APEPE": [
    0.00000128,
    0.00000128
  ],
  "IOTA": [
    0.061496,
    0.06136
  ],
  "FO": [
    0.264063,
    0.264833
  ],
  "2Z": [
    0.075862,
    0.076055
  ],
  "LIT": [
    1.066,
    1.054
  ],
  "IP": [
    0.743371,
    0.742905
  ],
  "VVV": [
    5.85,
    5.77
  ],
  "CRVUSD": [
    0.999573,
    0.999572
  ],
  "OP": [
    0.122507,
    0.121708
  ],
  "LDO": [
    0.298855,
    0.298101
  ],
  "OHM": [
    16.11,
    16.09
  ],
  "PYTH": [
    0.04296354,
    0.04283956
  ],
  "ZBCN": [
    0.00252631,
    0.00246318
  ],
  "ENS": [
    6.2,
    6.2
  ],
  "BTSE": [
    1.47,
    1.47
  ],
  "MON": [
    0.02181851,
    0.02191048
  ],
  "TEL": [
    0.00245452,
    0.00245088
  ],
  "HNT": [
    1.25,
    1.24
  ],
  "B": [
    0.224392,
    0.224498
  ],
  "USDA": [
    0.984014,
    0.984014
  ],
  "AUSD": [
    0.999971,
    0.999817
  ],
  "SAND": [
    0.081073,
    0.080585
  ],
  "LUNC": [
    0.00003938,
    0.00003937
  ],
  "XPL": [
    0.09471,
    0.094356
  ],
  "TWT": [
    0.504317,
    0.50636
  ],
  "BCAP": [
    22.99,
    22.99
  ],
  "PENDLE": [
    1.27,
    1.26
  ],
  "STRK": [
    0.03662454,
    0.03683185
  ],
  "UDS": [
    1.67,
    1.66
  ],
  "GRASS": [
    0.382245,
    0.378638
  ],
  "AB": [
    0.00206388,
    0.00206346
  ],
  "BORG": [
    0.206498,
    0.206462
  ],
  "NUSD": [
    0.999573,
    1
  ],
  "AXS": [
    1.19,
    1.18
  ],
  "FARTCOIN": [
    0.200674,
    0.19806
  ],
  "9BIT": [
    0.02379565,
    0.02408487
  ],
  "REUSD": [
    1.068,
    1.068
  ],
  "XCN": [
    0.00522796,
    0.00519132
  ],
  "USTBL": [
    1.078,
    1.078
  ],
  "NEO": [
    2.7,
    2.69
  ],
  "PC0000031": [
    1,
    1
  ],
  "REAL": [
    0.059728,
    0.059708
  ],
  "VSN": [
    0.052382,
    0.052397
  ],
  "COMP": [
    19.18,
    19.27
  ],
  "FLUID": [
    2.32,
    2.32
  ],
  "WAL": [
    0.080197,
    0.080112
  ],
  "WIF": [
    0.180098,
    0.179321
  ],
  "FDIT": [
    1,
    1
  ],
  "WFI": [
    2.16,
    2.17
  ],
  "IUSD": [
    0.999949,
    1
  ],
  "H": [
    0.095198,
    0.095023
  ],
  "ZK": [
    0.01868714,
    0.01862
  ],
  "THETA": [
    0.170345,
    0.169609
  ],
  "CVX": [
    1.84,
    1.84
  ],
  "MANA": [
    0.087833,
    0.087061
  ],
  "S": [
    0.04427763,
    0.04421434
  ],
  "FF": [
    0.070867,
    0.070855
  ],
  "RAY": [
    0.61868,
    0.61631
  ],
  "MX": [
    1.79,
    1.79
  ],
  "KOGE": [
    47.99
  ]
}