{
  "BTC": 71638,
  "ETH": 2201.51,
  "USDT": 1,
  "XRP": 1.46,
  "BNB": 650.47,
  "USDC": 0.999947,
  "SOL": 90.17,
  "TRX": 0.302973,
  "FIGR_HELOC": 1.03,
  "DOGE": 0.09499,
  "WBT": 57.06,
  "USDS": 0.999867,
  "HYPE": 42.81,
  "ADA": 0.273813,
  "BCH": 454.71,
  "LEO": 9.06,
  "LINK": 9.24,
  "XMR": 348.87,
  "USDE": 1,
  "XLM": 0.169482,
  "CC": 0.146063,
  "USD1": 0.999064,
  "LTC": 56.01,
  "DAI": 0.999781,
  "RAIN": 0.00894012,
  "AVAX": 9.65,
  "HBAR": 0.095963,
  "ZEC": 250.08,
  "PYUSD": 1,
  "SUI": 0.982537,
  "SHIB": 0.0000058,
  "CRO": 0.07666,
  "M": 1.84,
  "TON": 1.3,
  "XAUT": 4861.11,
  "WLFI": 0.098232,
  "DOT": 1.57,
  "MNT": 0.793884,
  "TAO": 269.59,
  "PAXG": 4871.93,
  "USYC": 1.12,
  "UNI": 3.66,
  "BUIDL": 1,
  "OKB": 91.52,
  "NEAR": 1.39,
  "USDG": 0.999941,
  "USDF": 0.997844,
  "AAVE": 114.75,
  "ASTER": 0.69794,
  "PI": 0.173142,
  "SKY": 0.073261,
  "HTX": 0.00000167,
  "RLUSD": 1,
  "BGB": 2.14,
  "PEPE": 0.00000351,
  "ICP": 2.59,
  "ETC": 8.47,
  "BFUSD": 0.999201,
  "USDY": 1.12,
  "ONDO": 0.266944,
  "PUMP": 0.0019626,
  "GT": 6.98,
  "WLD": 0.365468,
  "USTB": 11.02,
  "KCS": 8.07,
  "KAS": 0.03866018,
  "POL": 0.097207,
  "QNT": 70.44,
  "EUTBL": 1.21,
  "MORPHO": 1.79,
  "ATOM": 1.9,
  "ENA": 0.108953,
  "RENDER": 1.75,
  "NEXO": 0.897436,
  "JTRSY": 1.098,
  "USDTB": 1,
  "TRUMP": 3.53,
  "ALGO": 0.090796,
  "NIGHT": 0.04748693,
  "APT": 0.957406,
  "USDD": 1,
  "OUSG": 114.62,
  "FLR": 0.00845343,
  "FIL": 0.922403,
  "HASH": 0.01220632,
  "SIREN": 0.898953,
  "XDC": 0.03213165,
  "VET": 0.00727065,
  "ARB": 0.102368,
  "BDX": 0.080341,
  "GHO": 1,
  "JUP": 0.164342,
  "YLDS": 0.999998,
  "USD0": 0.997505,
  "STABLE": 0.0262526,
  "BONK": 0.00000615,
  "JST": 0.058043,
  "FET": 0.223708,
  "TUSD": 0.999706,
  "RIVER": 24.85
}