{
  "FTN": [
    1.089,
    1.089
  ],
  "VIRTUAL": [
    0.705062,
    0.708853
  ],
  "CAKE": [
    1.4,
    1.4
  ],
  "A7A5": [
    0.01177443,
    0.01177434
  ],
  "DCR": [
    26.17,
    26.25
  ],
  "ETHFI": [
    0.573302,
    0.573129
  ],
  "PENGU": [
    0.00710091,
    0.00716986
  ],
  "STX": [
    0.243969,
    0.245423
  ],
  "XTZ": [
    0.405797,
    0.403538
  ],
  "RIVER": [
    21.57,
    22.17
  ],
  "EURC": [
    1.16,
    1.16
  ],
  "SEI": [
    0.063309,
    0.063526
  ],
  "JAAA": [
    1.027,
    1.027
  ],
  "DASH": [
    31.86,
    32.17
  ],
  "KITE": [
    0.220261,
    0.21965
  ],
  "FDUSD": [
    0.999953,
    0.999789
  ],
  "CHZ": [
    0.03587065,
    0.03616693
  ],
  "KAU": [
    155.1,
    153.99
  ],
  "USX": [
    0.999744,
    0.99972
  ],
  "PRIME": [
    1.026,
    1.029
  ],
  "CRV": [
    0.23565,
    0.237214
  ],
  "GNO": [
    130.51,
    130.97
  ],
  "SUN": [
    0.01763144,
    0.0175975
  ],
  "CFX": [
    0.064733,
    0.064562
  ],
  "BTT": [
    3.35961e-7,
    3.36287e-7
  ],
  "NFT": [
    3.33074e-7,
    3.3373e-7
  ],
  "USDAI": [
    0.999873,
    0.999929
  ],
  "ADI": [
    3.22,
    3.22
  ],
  "INJ": [
    3.09,
    3.09
  ],
  "KAIA": [
    0.051336,
    0.051465
  ],
  "TIA": [
    0.334081,
    0.334773
  ],
  "AERO": [
    0.322422,
    0.322827
  ],
  "BSV": [
    14.67,
    14.74
  ],
  "FLOKI": [
    0.00002972,
    0.00002983
  ],
  "SPX": [
    0.305815,
    0.306801
  ],
  "GRT": [
    0.02605287,
    0.02617081
  ],
  "DEXE": [
    6.02,
    6.01
  ],
  "JASMY": [
    0.00562537,
    0.00564018
  ],
  "SYRUP": [
    0.238547,
    0.239434
  ],
  "LIT": [
    1.1,
    1.1
  ],
  "FRAX": [
    0.99235,
    0.992346
  ],
  "APEPE": [
    0.00000129,
    0.00000129
  ],
  "IOTA": [
    0.06184,
    0.061816
  ],
  "2Z": [
    0.076014,
    0.07648
  ],
  "ZBCN": [
    0.00260769,
    0.00270618
  ],
  "IP": [
    0.748904,
    0.753294
  ],
  "OP": [
    0.124031,
    0.124441
  ],
  "FO": [
    0.263811,
    0.263775
  ],
  "CRVUSD": [
    0.998889,
    0.999237
  ],
  "OHM": [
    16.32,
    16.38
  ],
  "LDO": [
    0.298247,
    0.299626
  ],
  "PYTH": [
    0.04325174,
    0.04346217
  ],
  "VVV": [
    5.59,
    5.55
  ],
  "MON": [
    0.02220558,
    0.0222216
  ],
  "ENS": [
    6.22,
    6.25
  ],
  "BTSE": [
    1.49,
    1.46
  ],
  "TEL": [
    0.00244951,
    0.00247652
  ],
  "HNT": [
    1.26,
    1.27
  ],
  "B": [
    0.2236,
    0.223325
  ],
  "SAND": [
    0.081908,
    0.082208
  ],
  "USDA": [
    0.984014,
    0.984014
  ],
  "LUNC": [
    0.00003956,
    0.00003967
  ],
  "AUSD": [
    1,
    0.999935
  ],
  "UDS": [
    1.7,
    1.7
  ],
  "XPL": [
    0.094164,
    0.094487
  ],
  "PENDLE": [
    1.26,
    1.27
  ],
  "TWT": [
    0.503559,
    0.503951
  ],
  "BCAP": [
    22.99,
    22.99
  ],
  "AXS": [
    1.22,
    1.22
  ],
  "AB": [
    0.00207672,
    0.00208087
  ],
  "NUSD": [
    1,
    0.998804
  ],
  "STRK": [
    0.03557416,
    0.03569752
  ],
  "GRASS": [
    0.370792,
    0.370368
  ],
  "FARTCOIN": [
    0.197608,
    0.199116
  ],
  "BORG": [
    0.202583,
    0.202534
  ],
  "XCN": [
    0.00522387,
    0.00524934
  ],
  "REUSD": [
    1.068,
    1.068
  ],
  "USTBL": [
    1.078,
    1.078
  ],
  "NEO": [
    2.73,
    2.75
  ],
  "VSN": [
    0.0525,
    0.052823
  ],
  "PC0000031": [
    1,
    1
  ],
  "REAL": [
    0.059329,
    0.059566
  ],
  "9BIT": [
    0.0228987,
    0.02287295
  ],
  "COMP": [
    18.96,
    19.04
  ],
  "WAL": [
    0.080232,
    0.080705
  ],
  "WFI": [
    2.2,
    2.2
  ],
  "WIF": [
    0.178577,
    0.179316
  ],
  "FLUID": [
    2.26,
    2.28
  ],
  "FDIT": [
    1,
    1
  ],
  "IUSD": [
    1.001,
    0.999998
  ],
  "H": [
    0.096272,
    0.095351
  ],
  "ZK": [
    0.01862473,
    0.01871792
  ],
  "MANA": [
    0.089016,
    0.08918
  ],
  "THETA": [
    0.170856,
    0.171455
  ],
  "CVX": [
    1.84,
    1.86
  ],
  "S": [
    0.04461731,
    0.0447353
  ],
  "FF": [
    0.071019,
    0.071049
  ],
  "RAY": [
    0.613988,
    0.617343
  ],
  "MX": [
    1.79,
    1.79
  ],
  "KOGE": [
    47.99,
    47.99
  ]
}