{
  "FTN": [
    1.089,
    1.088
  ],
  "CAKE": [
    1.42,
    1.42
  ],
  "VIRTUAL": [
    0.713893,
    0.708303
  ],
  "RIVER": [
    22.44,
    23.29
  ],
  "DCR": [
    26.22,
    26.23
  ],
  "PENGU": [
    0.00725497,
    0.00720925
  ],
  "STX": [
    0.24767,
    0.246171
  ],
  "A7A5": [
    0.0117646,
    0.01169559
  ],
  "ETHFI": [
    0.547335,
    0.549228
  ],
  "XTZ": [
    0.399837,
    0.398255
  ],
  "SEI": [
    0.063993,
    0.063566
  ],
  "EURC": [
    1.16,
    1.15
  ],
  "JAAA": [
    1.027,
    1.027
  ],
  "DASH": [
    31.84,
    31.74
  ],
  "FDUSD": [
    0.999096,
    0.999407
  ],
  "KITE": [
    0.217481,
    0.212751
  ],
  "CHZ": [
    0.0359478,
    0.03585799
  ],
  "USX": [
    0.999674,
    0.999789
  ],
  "KAU": [
    149.12,
    149.69
  ],
  "CRV": [
    0.235132,
    0.234757
  ],
  "GNO": [
    130.87,
    130.77
  ],
  "SUN": [
    0.01768765,
    0.01766797
  ],
  "PRIME": [
    1.026,
    1.027
  ],
  "CFX": [
    0.063734,
    0.063974
  ],
  "BTT": [
    3.34626e-7,
    3.34455e-7
  ],
  "NFT": [
    3.32488e-7,
    3.31218e-7
  ],
  "USDAI": [
    0.9998,
    0.999974
  ],
  "ADI": [
    3.33,
    3.29
  ],
  "INJ": [
    3.1,
    3.09
  ],
  "KAIA": [
    0.051756,
    0.051294
  ],
  "AERO": [
    0.324306,
    0.322296
  ],
  "TIA": [
    0.336402,
    0.33408
  ],
  "LIT": [
    1.17,
    1.16
  ],
  "DEXE": [
    6.15,
    6.14
  ],
  "BSV": [
    14.53,
    14.35
  ],
  "FLOKI": [
    0.00002991,
    0.0000297
  ],
  "SPX": [
    0.3064,
    0.305031
  ],
  "GRT": [
    0.02613956,
    0.02600376
  ],
  "JASMY": [
    0.00565326,
    0.00563807
  ],
  "SYRUP": [
    0.239053,
    0.238879
  ],
  "FRAX": [
    0.993274,
    0.991605
  ],
  "APEPE": [
    0.00000129,
    0.00000129
  ],
  "IOTA": [
    0.062191,
    0.062037
  ],
  "IP": [
    0.763362,
    0.756733
  ],
  "2Z": [
    0.076994,
    0.076808
  ],
  "FO": [
    0.263509,
    0.263011
  ],
  "OP": [
    0.124683,
    0.124027
  ],
  "BTSE": [
    1.6,
    1.6
  ],
  "CRVUSD": [
    1,
    0.99902
  ],
  "OHM": [
    16.45,
    16.43
  ],
  "VVV": [
    5.61,
    5.63
  ],
  "LDO": [
    0.298275,
    0.296602
  ],
  "PYTH": [
    0.04325844,
    0.04349275
  ],
  "MON": [
    0.02216799,
    0.02216989
  ],
  "ENS": [
    6.21,
    6.19
  ],
  "TEL": [
    0.00247233,
    0.00247763
  ],
  "HNT": [
    1.26,
    1.25
  ],
  "ZBCN": [
    0.00245137,
    0.00229998
  ],
  "XPL": [
    0.098598,
    0.100501
  ],
  "B": [
    0.233428,
    0.219673
  ],
  "LUNC": [
    0.00004002,
    0.0000401
  ],
  "SAND": [
    0.082241,
    0.082069
  ],
  "USDA": [
    0.984014,
    0.984014
  ],
  "AUSD": [
    0.999877,
    0.99998
  ],
  "UDS": [
    1.73,
    1.72
  ],
  "TWT": [
    0.508752,
    0.503615
  ],
  "BCAP": [
    22.99,
    22.99
  ],
  "PENDLE": [
    1.27,
    1.26
  ],
  "AB": [
    0.00210505,
    0.00209646
  ],
  "GRASS": [
    0.369312,
    0.381191
  ],
  "AXS": [
    1.22,
    1.22
  ],
  "NUSD": [
    1,
    0.998001
  ],
  "STRK": [
    0.03635272,
    0.03571357
  ],
  "BORG": [
    0.207371,
    0.205994
  ],
  "USTBL": [
    1.078,
    1.078
  ],
  "XCN": [
    0.00533285,
    0.0052972
  ],
  "FARTCOIN": [
    0.1988,
    0.199093
  ],
  "REUSD": [
    1.067,
    1.067
  ],
  "NEO": [
    2.73,
    2.71
  ],
  "PC0000031": [
    1,
    1
  ],
  "VSN": [
    0.052675,
    0.052664
  ],
  "9BIT": [
    0.02291311,
    0.02291705
  ],
  "REAL": [
    0.059124,
    0.058606
  ],
  "COMP": [
    19.17,
    19.11
  ],
  "WFI": [
    2.23,
    2.23
  ],
  "WAL": [
    0.081556,
    0.080812
  ],
  "FLUID": [
    2.29,
    2.27
  ],
  "FDIT": [
    1,
    1
  ],
  "WIF": [
    0.177367,
    0.177322
  ],
  "IUSD": [
    0.999796,
    0.999182
  ],
  "MANA": [
    0.090023,
    0.089905
  ],
  "ZK": [
    0.01879235,
    0.01871145
  ],
  "THETA": [
    0.173103,
    0.171514
  ],
  "H": [
    0.093585,
    0.092774
  ],
  "S": [
    0.04486796,
    0.04479775
  ],
  "FF": [
    0.071071,
    0.071015
  ],
  "CVX": [
    1.82,
    1.81
  ],
  "MX": [
    1.79,
    1.79
  ],
  "RAY": [
    0.610535,
    0.610991
  ],
  "FT": [
    0.098646
  ]
}