{
  "TUSD": [
    0.99913,
    0.999066
  ],
  "FTN": [
    1.089,
    1.088
  ],
  "A7A5": [
    0.01200127,
    0.01200794
  ],
  "ETHFI": [
    0.60089,
    0.594935
  ],
  "VIRTUAL": [
    0.696629,
    0.691202
  ],
  "CAKE": [
    1.37,
    1.37
  ],
  "STX": [
    0.24495,
    0.244685
  ],
  "PENGU": [
    0.00707703,
    0.00703088
  ],
  "DCR": [
    24.96,
    24.7
  ],
  "EURC": [
    1.16,
    1.16
  ],
  "XTZ": [
    0.397654,
    0.395534
  ],
  "SEI": [
    0.062846,
    0.062799
  ],
  "JAAA": [
    1.027,
    1.027
  ],
  "DASH": [
    32.54,
    32.28
  ],
  "FDUSD": [
    0.99917,
    0.998523
  ],
  "KITE": [
    0.216183,
    0.21416
  ],
  "CHZ": [
    0.03594985,
    0.03595476
  ],
  "USX": [
    0.999701,
    0.999748
  ],
  "KAU": [
    149.23,
    148.77
  ],
  "PRIME": [
    1.029,
    1.028
  ],
  "CRV": [
    0.233646,
    0.23272
  ],
  "SUN": [
    0.01780488,
    0.01785267
  ],
  "GNO": [
    129.51,
    129.46
  ],
  "USDAI": [
    0.999925,
    1
  ],
  "BTT": [
    3.36381e-7,
    3.35776e-7
  ],
  "NFT": [
    3.33766e-7,
    3.34335e-7
  ],
  "CFX": [
    0.063554,
    0.063187
  ],
  "ADI": [
    3.23,
    3.24
  ],
  "INJ": [
    3.11,
    3.12
  ],
  "DEXE": [
    6.73,
    6.54
  ],
  "KAIA": [
    0.051216,
    0.051319
  ],
  "TIA": [
    0.331372,
    0.330542
  ],
  "AERO": [
    0.320483,
    0.318206
  ],
  "BSV": [
    14.54,
    14.49
  ],
  "FLOKI": [
    0.00002991,
    0.00002976
  ],
  "SPX": [
    0.303671,
    0.301423
  ],
  "GRT": [
    0.02593898,
    0.02588695
  ],
  "JASMY": [
    0.0056266,
    0.00558707
  ],
  "SYRUP": [
    0.239136,
    0.238461
  ],
  "FRAX": [
    0.991514,
    0.989785
  ],
  "VVV": [
    6.09,
    6.06
  ],
  "APEPE": [
    0.00000129,
    0.00000129
  ],
  "IOTA": [
    0.061172,
    0.061088
  ],
  "LIT": [
    1.07,
    1.063
  ],
  "FO": [
    0.264174,
    0.264207
  ],
  "IP": [
    0.753943,
    0.747205
  ],
  "2Z": [
    0.075213,
    0.074918
  ],
  "CRVUSD": [
    0.998299,
    0.997418
  ],
  "OP": [
    0.121581,
    0.121286
  ],
  "ZBCN": [
    0.00262229,
    0.00257289
  ],
  "LDO": [
    0.297021,
    0.29624
  ],
  "OHM": [
    15.8,
    15.87
  ],
  "PYTH": [
    0.04300845,
    0.04283871
  ],
  "BTSE": [
    1.48,
    1.48
  ],
  "ENS": [
    6.18,
    6.15
  ],
  "MON": [
    0.02184363,
    0.02174351
  ],
  "TEL": [
    0.00244349,
    0.00243575
  ],
  "HNT": [
    1.24,
    1.24
  ],
  "B": [
    0.216812,
    0.217251
  ],
  "USDA": [
    0.984014,
    0.984014
  ],
  "LUNC": [
    0.00003965,
    0.00003967
  ],
  "AUSD": [
    0.999885,
    1
  ],
  "XPL": [
    0.096759,
    0.095957
  ],
  "SAND": [
    0.080861,
    0.08079
  ],
  "STRK": [
    0.0379871,
    0.03788593
  ],
  "BCAP": [
    22.99,
    22.99
  ],
  "TWT": [
    0.501544,
    0.501405
  ],
  "PENDLE": [
    1.25,
    1.24
  ],
  "AB": [
    0.00205188,
    0.00205565
  ],
  "GRASS": [
    0.375173,
    0.372932
  ],
  "NUSD": [
    0.99967,
    0.9955
  ],
  "AXS": [
    1.19,
    1.19
  ],
  "9BIT": [
    0.02417114,
    0.0241632
  ],
  "XCN": [
    0.0052978,
    0.00526726
  ],
  "BORG": [
    0.200277,
    0.19991
  ],
  "REUSD": [
    1.068,
    1.067
  ],
  "USTBL": [
    1.078,
    1.078
  ],
  "FARTCOIN": [
    0.194587,
    0.192435
  ],
  "UDS": [
    1.53,
    1.53
  ],
  "PC0000031": [
    1,
    1
  ],
  "VSN": [
    0.052604,
    0.052582
  ],
  "NEO": [
    2.69,
    2.68
  ],
  "REAL": [
    0.059713,
    0.059601
  ],
  "COMP": [
    19.26,
    19.17
  ],
  "FLUID": [
    2.35,
    2.31
  ],
  "WIF": [
    0.18122,
    0.180687
  ],
  "WAL": [
    0.079936,
    0.079814
  ],
  "WFI": [
    2.16,
    2.16
  ],
  "IUSD": [
    0.998991,
    0.998488
  ],
  "FDIT": [
    1,
    1
  ],
  "H": [
    0.094574,
    0.094897
  ],
  "ZK": [
    0.01860176,
    0.01862653
  ],
  "S": [
    0.04461944,
    0.04446119
  ],
  "MANA": [
    0.087148,
    0.086937
  ],
  "CVX": [
    1.84,
    1.83
  ],
  "THETA": [
    0.167418,
    0.167301
  ],
  "RAY": [
    0.620609,
    0.619205
  ],
  "FF": [
    0.070685,
    0.070628
  ],
  "MX": [
    1.79,
    1.79
  ],
  "KOGE": [
    47.99,
    47.99
  ]
}