{
  "BTC": 71603,
  "ETH": 2200.29,
  "USDT": 1,
  "XRP": 1.46,
  "BNB": 650.16,
  "USDC": 0.999933,
  "SOL": 90.12,
  "TRX": 0.303092,
  "FIGR_HELOC": 1.03,
  "DOGE": 0.094963,
  "WBT": 57.06,
  "USDS": 0.999878,
  "HYPE": 42.91,
  "ADA": 0.273788,
  "BCH": 454.24,
  "LEO": 9.06,
  "LINK": 9.24,
  "XMR": 349.24,
  "USDE": 1,
  "XLM": 0.169468,
  "CC": 0.146049,
  "USD1": 0.999007,
  "LTC": 56,
  "DAI": 0.999868,
  "RAIN": 0.00894066,
  "AVAX": 9.65,
  "HBAR": 0.095947,
  "ZEC": 250.02,
  "PYUSD": 0.999654,
  "SUI": 0.982152,
  "SHIB": 0.00000579,
  "CRO": 0.07661,
  "M": 1.83,
  "TON": 1.3,
  "XAUT": 4860.34,
  "WLFI": 0.098327,
  "DOT": 1.57,
  "MNT": 0.795123,
  "TAO": 269.42,
  "PAXG": 4870.95,
  "USYC": 1.12,
  "UNI": 3.66,
  "BUIDL": 1,
  "OKB": 91.54,
  "NEAR": 1.39,
  "USDG": 0.99996,
  "USDF": 0.9976,
  "AAVE": 114.71,
  "ASTER": 0.69766,
  "PI": 0.1736,
  "SKY": 0.07328,
  "HTX": 0.00000167,
  "RLUSD": 0.999481,
  "BGB": 2.14,
  "PEPE": 0.00000351,
  "ICP": 2.59,
  "ETC": 8.46,
  "BFUSD": 0.999301,
  "USDY": 1.12,
  "ONDO": 0.266888,
  "PUMP": 0.00196177,
  "GT": 6.98,
  "WLD": 0.365258,
  "USTB": 11.02,
  "KCS": 8.07,
  "KAS": 0.0385944,
  "POL": 0.097212,
  "QNT": 70.45,
  "EUTBL": 1.21,
  "MORPHO": 1.79,
  "ATOM": 1.9,
  "ENA": 0.108957,
  "RENDER": 1.75,
  "NEXO": 0.897569,
  "JTRSY": 1.098,
  "USDTB": 0.997155,
  "TRUMP": 3.53,
  "ALGO": 0.090837,
  "NIGHT": 0.04755721,
  "APT": 0.956881,
  "USDD": 1,
  "OUSG": 114.62,
  "FLR": 0.00845268,
  "FIL": 0.922477,
  "HASH": 0.01220632,
  "SIREN": 0.89759,
  "XDC": 0.03215088,
  "VET": 0.00726895,
  "ARB": 0.102301,
  "BDX": 0.080303,
  "GHO": 0.999989,
  "JUP": 0.164425,
  "YLDS": 0.999998,
  "USD0": 0.99784,
  "STABLE": 0.02625743,
  "BONK": 0.00000615,
  "JST": 0.058078,
  "FET": 0.22389,
  "TUSD": 0.999605,
  "RIVER": 24.83
}