{
  "TUSD": [
    0.999277,
    0.999284
  ],
  "FTN": [
    1.089,
    1.088
  ],
  "A7A5": [
    0.01180318,
    0.01189879
  ],
  "ETHFI": [
    0.594727,
    0.584865
  ],
  "VIRTUAL": [
    0.692954,
    0.693957
  ],
  "CAKE": [
    1.38,
    1.38
  ],
  "STX": [
    0.245012,
    0.244874
  ],
  "PENGU": [
    0.00704927,
    0.0070224
  ],
  "XTZ": [
    0.397442,
    0.397319
  ],
  "EURC": [
    1.16,
    1.16
  ],
  "DCR": [
    24.26,
    24.54
  ],
  "SEI": [
    0.063084,
    0.063031
  ],
  "JAAA": [
    1.027,
    1.027
  ],
  "DASH": [
    32.85,
    32.87
  ],
  "KITE": [
    0.21908,
    0.216696
  ],
  "FDUSD": [
    0.999424,
    0.999527
  ],
  "CHZ": [
    0.03622652,
    0.03604493
  ],
  "USX": [
    0.999772,
    0.999813
  ],
  "PRIME": [
    1.028,
    1.029
  ],
  "CRV": [
    0.233328,
    0.234445
  ],
  "GNO": [
    130.61,
    130.77
  ],
  "SUN": [
    0.01795463,
    0.01784127
  ],
  "KAU": [
    146.9,
    142.02
  ],
  "CFX": [
    0.06465,
    0.064643
  ],
  "BTT": [
    3.36757e-7,
    3.36815e-7
  ],
  "NFT": [
    3.34562e-7,
    3.34828e-7
  ],
  "USDAI": [
    0.999608,
    0.999575
  ],
  "ADI": [
    3.23,
    3.24
  ],
  "INJ": [
    3.08,
    3.09
  ],
  "KAIA": [
    0.051605,
    0.051719
  ],
  "AERO": [
    0.319598,
    0.320678
  ],
  "TIA": [
    0.33148,
    0.331235
  ],
  "BSV": [
    14.63,
    14.61
  ],
  "FLOKI": [
    0.00002967,
    0.00002963
  ],
  "DEXE": [
    6.07,
    6.06
  ],
  "SPX": [
    0.303688,
    0.303302
  ],
  "GRT": [
    0.02591798,
    0.02585529
  ],
  "JASMY": [
    0.00560287,
    0.00558167
  ],
  "FRAX": [
    0.992927,
    0.992991
  ],
  "SYRUP": [
    0.236197,
    0.2359
  ],
  "APEPE": [
    0.00000129,
    0.00000128
  ],
  "IOTA": [
    0.061435,
    0.061455
  ],
  "2Z": [
    0.075918,
    0.076005
  ],
  "FO": [
    0.264258,
    0.264436
  ],
  "LIT": [
    1.053,
    1.049
  ],
  "VVV": [
    5.84,
    5.88
  ],
  "IP": [
    0.742246,
    0.740069
  ],
  "CRVUSD": [
    0.999834,
    0.999191
  ],
  "OP": [
    0.121617,
    0.121778
  ],
  "LDO": [
    0.297921,
    0.297125
  ],
  "OHM": [
    15.89,
    15.9
  ],
  "PYTH": [
    0.04289731,
    0.04290635
  ],
  "ZBCN": [
    0.00244216,
    0.00244681
  ],
  "ENS": [
    6.2,
    6.2
  ],
  "MON": [
    0.02178447,
    0.021889
  ],
  "BTSE": [
    1.46,
    1.46
  ],
  "TEL": [
    0.00245001,
    0.00244359
  ],
  "HNT": [
    1.24,
    1.24
  ],
  "B": [
    0.224916,
    0.222122
  ],
  "USDA": [
    0.984014,
    0.984014
  ],
  "AUSD": [
    0.999962,
    0.999947
  ],
  "SAND": [
    0.080699,
    0.08066
  ],
  "LUNC": [
    0.00003931,
    0.00003927
  ],
  "XPL": [
    0.09449,
    0.095281
  ],
  "TWT": [
    0.509195,
    0.505222
  ],
  "STRK": [
    0.03749112,
    0.03711808
  ],
  "BCAP": [
    22.99,
    22.99
  ],
  "PENDLE": [
    1.26,
    1.25
  ],
  "GRASS": [
    0.379273,
    0.381684
  ],
  "BORG": [
    0.206564,
    0.206249
  ],
  "AB": [
    0.00206771,
    0.00205155
  ],
  "NUSD": [
    0.999431,
    0.999737
  ],
  "AXS": [
    1.18,
    1.19
  ],
  "UDS": [
    1.64,
    1.61
  ],
  "XCN": [
    0.00520365,
    0.00529515
  ],
  "9BIT": [
    0.02404065,
    0.02404793
  ],
  "FARTCOIN": [
    0.197322,
    0.197441
  ],
  "REUSD": [
    1.068,
    1.068
  ],
  "USTBL": [
    1.078,
    1.078
  ],
  "REAL": [
    0.059745,
    0.059937
  ],
  "PC0000031": [
    1,
    1
  ],
  "VSN": [
    0.052409,
    0.052421
  ],
  "NEO": [
    2.69,
    2.67
  ],
  "COMP": [
    19.17,
    19.24
  ],
  "FLUID": [
    2.36,
    2.34
  ],
  "WIF": [
    0.179477,
    0.178839
  ],
  "WAL": [
    0.080181,
    0.079646
  ],
  "FDIT": [
    1,
    1
  ],
  "IUSD": [
    0.999968,
    0.999897
  ],
  "WFI": [
    2.17,
    2.16
  ],
  "H": [
    0.095008,
    0.094772
  ],
  "ZK": [
    0.01856992,
    0.01855784
  ],
  "THETA": [
    0.169653,
    0.169657
  ],
  "MANA": [
    0.087394,
    0.087409
  ],
  "CVX": [
    1.84,
    1.84
  ],
  "S": [
    0.04424693,
    0.04417942
  ],
  "FF": [
    0.07084,
    0.070781
  ],
  "RAY": [
    0.616811,
    0.616377
  ],
  "MX": [
    1.79,
    1.79
  ],
  "KOGE": [
    48,
    47.99
  ]
}