{
  "BTC": 71655,
  "ETH": 2195.64,
  "USDT": 1,
  "XRP": 1.46,
  "BNB": 649.45,
  "USDC": 0.999917,
  "SOL": 89.98,
  "TRX": 0.303516,
  "FIGR_HELOC": 1.024,
  "DOGE": 0.094708,
  "WBT": 57.05,
  "USDS": 0.999829,
  "HYPE": 42.85,
  "ADA": 0.27297,
  "BCH": 453.44,
  "LEO": 9.06,
  "LINK": 9.23,
  "XMR": 351.29,
  "USDE": 0.999567,
  "XLM": 0.169138,
  "CC": 0.146181,
  "USD1": 0.999046,
  "LTC": 56.02,
  "DAI": 0.999937,
  "RAIN": 0.00894428,
  "AVAX": 9.64,
  "HBAR": 0.095845,
  "ZEC": 249.74,
  "PYUSD": 0.999529,
  "SUI": 0.981211,
  "SHIB": 0.00000578,
  "CRO": 0.076631,
  "M": 1.83,
  "TON": 1.3,
  "XAUT": 4864.33,
  "WLFI": 0.098424,
  "DOT": 1.56,
  "TAO": 267.67,
  "MNT": 0.782164,
  "PAXG": 4876.31,
  "USYC": 1.12,
  "UNI": 3.65,
  "BUIDL": 1,
  "OKB": 91.38,
  "NEAR": 1.39,
  "USDG": 0.999921,
  "USDF": 0.997588,
  "AAVE": 114.57,
  "ASTER": 0.696845,
  "PI": 0.173932,
  "SKY": 0.072988,
  "HTX": 0.00000167,
  "RLUSD": 1,
  "BGB": 2.15,
  "PEPE": 0.0000035,
  "ICP": 2.58,
  "BFUSD": 0.999299,
  "ETC": 8.45,
  "USDY": 1.12,
  "ONDO": 0.265888,
  "PUMP": 0.00195981,
  "GT": 6.97,
  "USTB": 11.02,
  "WLD": 0.363419,
  "KCS": 8.06,
  "KAS": 0.03840738,
  "POL": 0.097085,
  "QNT": 70.69,
  "EUTBL": 1.21,
  "MORPHO": 1.79,
  "ATOM": 1.89,
  "ENA": 0.108574,
  "RENDER": 1.74,
  "NEXO": 0.896699,
  "JTRSY": 1.098,
  "USDTB": 0.997992,
  "TRUMP": 3.51,
  "ALGO": 0.090424,
  "NIGHT": 0.04763832,
  "APT": 0.955083,
  "USDD": 1,
  "OUSG": 114.62,
  "FLR": 0.00844935,
  "FIL": 0.91918,
  "HASH": 0.01220548,
  "SIREN": 0.896228,
  "XDC": 0.03218844,
  "VET": 0.00724272,
  "ARB": 0.10192,
  "BDX": 0.080262,
  "GHO": 0.99988,
  "JUP": 0.163712,
  "YLDS": 0.999854,
  "USD0": 0.998745,
  "STABLE": 0.02637814,
  "BONK": 0.00000612,
  "JST": 0.058269,
  "FET": 0.222958,
  "TUSD": 0.999526,
  "RIVER": 24.84
}