{
  "FTN": [
    1.089,
    1.089
  ],
  "A7A5": [
    0.01177434,
    0.01177467
  ],
  "VIRTUAL": [
    0.708853,
    0.70398
  ],
  "CAKE": [
    1.4,
    1.4
  ],
  "DCR": [
    26.25,
    26.22
  ],
  "STX": [
    0.245423,
    0.245411
  ],
  "PENGU": [
    0.00716986,
    0.00713484
  ],
  "ETHFI": [
    0.573129,
    0.567916
  ],
  "RIVER": [
    22.17,
    22.2
  ],
  "XTZ": [
    0.403538,
    0.403145
  ],
  "EURC": [
    1.16,
    1.16
  ],
  "SEI": [
    0.063526,
    0.063514
  ],
  "JAAA": [
    1.027,
    1.027
  ],
  "DASH": [
    32.17,
    32.1
  ],
  "KITE": [
    0.21965,
    0.217438
  ],
  "FDUSD": [
    0.999789,
    0.999571
  ],
  "CHZ": [
    0.03616693,
    0.03609237
  ],
  "USX": [
    0.99972,
    0.999631
  ],
  "PRIME": [
    1.029,
    1.028
  ],
  "KAU": [
    153.99,
    147.36
  ],
  "CRV": [
    0.237214,
    0.235556
  ],
  "GNO": [
    130.97,
    130.94
  ],
  "SUN": [
    0.0175975,
    0.0176539
  ],
  "CFX": [
    0.064562,
    0.06489
  ],
  "BTT": [
    3.36287e-7,
    3.35942e-7
  ],
  "NFT": [
    3.3373e-7,
    3.32696e-7
  ],
  "USDAI": [
    0.999929,
    0.999699
  ],
  "ADI": [
    3.22,
    3.23
  ],
  "INJ": [
    3.09,
    3.09
  ],
  "KAIA": [
    0.051465,
    0.051512
  ],
  "TIA": [
    0.334773,
    0.333778
  ],
  "AERO": [
    0.322827,
    0.321569
  ],
  "BSV": [
    14.74,
    14.69
  ],
  "FLOKI": [
    0.00002983,
    0.00002973
  ],
  "SPX": [
    0.306801,
    0.305227
  ],
  "DEXE": [
    6.01,
    6.08
  ],
  "GRT": [
    0.02617081,
    0.02609382
  ],
  "JASMY": [
    0.00564018,
    0.00563471
  ],
  "SYRUP": [
    0.239434,
    0.237839
  ],
  "FRAX": [
    0.992346,
    0.992312
  ],
  "APEPE": [
    0.00000129,
    0.00000129
  ],
  "IOTA": [
    0.061816,
    0.061816
  ],
  "LIT": [
    1.1,
    1.066
  ],
  "IP": [
    0.753294,
    0.754288
  ],
  "2Z": [
    0.07648,
    0.076409
  ],
  "ZBCN": [
    0.00270618,
    0.0027068
  ],
  "FO": [
    0.263775,
    0.263872
  ],
  "OP": [
    0.124441,
    0.123895
  ],
  "CRVUSD": [
    0.999237,
    0.998323
  ],
  "OHM": [
    16.38,
    16.33
  ],
  "LDO": [
    0.299626,
    0.298665
  ],
  "PYTH": [
    0.04346217,
    0.04343255
  ],
  "VVV": [
    5.55,
    5.54
  ],
  "MON": [
    0.0222216,
    0.02246102
  ],
  "ENS": [
    6.25,
    6.25
  ],
  "BTSE": [
    1.46,
    1.45
  ],
  "TEL": [
    0.00247652,
    0.00245432
  ],
  "HNT": [
    1.27,
    1.27
  ],
  "B": [
    0.223325,
    0.222025
  ],
  "SAND": [
    0.082208,
    0.081947
  ],
  "USDA": [
    0.984014,
    0.984014
  ],
  "AUSD": [
    0.999935,
    0.999779
  ],
  "LUNC": [
    0.00003967,
    0.00003952
  ],
  "UDS": [
    1.7,
    1.7
  ],
  "XPL": [
    0.094487,
    0.094383
  ],
  "PENDLE": [
    1.27,
    1.27
  ],
  "BCAP": [
    22.99,
    22.99
  ],
  "TWT": [
    0.503951,
    0.502602
  ],
  "AXS": [
    1.22,
    1.21
  ],
  "AB": [
    0.00208087,
    0.00207911
  ],
  "NUSD": [
    0.998804,
    0.999353
  ],
  "STRK": [
    0.03569752,
    0.03559578
  ],
  "GRASS": [
    0.370368,
    0.36875
  ],
  "BORG": [
    0.202534,
    0.202044
  ],
  "FARTCOIN": [
    0.199116,
    0.19793
  ],
  "XCN": [
    0.00524934,
    0.00522367
  ],
  "REUSD": [
    1.068,
    1.068
  ],
  "USTBL": [
    1.078,
    1.078
  ],
  "NEO": [
    2.75,
    2.75
  ],
  "VSN": [
    0.052823,
    0.052739
  ],
  "PC0000031": [
    1,
    1
  ],
  "REAL": [
    0.059566,
    0.059387
  ],
  "9BIT": [
    0.02287295,
    0.02289042
  ],
  "COMP": [
    19.04,
    19.03
  ],
  "WFI": [
    2.2,
    2.23
  ],
  "WAL": [
    0.080705,
    0.08044
  ],
  "WIF": [
    0.179316,
    0.178752
  ],
  "FLUID": [
    2.28,
    2.27
  ],
  "FDIT": [
    1,
    1
  ],
  "IUSD": [
    0.999998,
    0.999662
  ],
  "H": [
    0.095351,
    0.09551
  ],
  "ZK": [
    0.01871792,
    0.0187237
  ],
  "MANA": [
    0.08918,
    0.089104
  ],
  "THETA": [
    0.171455,
    0.171373
  ],
  "CVX": [
    1.86,
    1.86
  ],
  "S": [
    0.0447353,
    0.04454838
  ],
  "FF": [
    0.071049,
    0.070957
  ],
  "RAY": [
    0.617343,
    0.615493
  ],
  "MX": [
    1.79,
    1.79
  ],
  "KOGE": [
    47.99,
    47.99
  ]
}