{
  "RIVER": [
    25.13,
    24.64
  ],
  "FTN": [
    1.089,
    1.089
  ],
  "ETHFI": [
    0.588745,
    0.585736
  ],
  "A7A5": [
    0.01185037,
    0.01171651
  ],
  "VIRTUAL": [
    0.70204,
    0.698035
  ],
  "STX": [
    0.246575,
    0.246063
  ],
  "CAKE": [
    1.38,
    1.37
  ],
  "PENGU": [
    0.00708581,
    0.00707257
  ],
  "DCR": [
    24.84,
    25.13
  ],
  "EURC": [
    1.16,
    1.16
  ],
  "XTZ": [
    0.397131,
    0.394468
  ],
  "SEI": [
    0.063201,
    0.06303
  ],
  "JAAA": [
    1.027,
    1.027
  ],
  "DASH": [
    33.08,
    32.66
  ],
  "KITE": [
    0.220267,
    0.221953
  ],
  "FDUSD": [
    0.999464,
    0.9996
  ],
  "CHZ": [
    0.03641597,
    0.03623667
  ],
  "USX": [
    0.999628,
    0.99984
  ],
  "PRIME": [
    1.028,
    1.028
  ],
  "KAU": [
    140.37,
    147.67
  ],
  "CRV": [
    0.235127,
    0.234721
  ],
  "GNO": [
    130.29,
    130.48
  ],
  "SUN": [
    0.017757,
    0.01772502
  ],
  "CFX": [
    0.064567,
    0.064094
  ],
  "BTT": [
    3.36598e-7,
    3.36592e-7
  ],
  "NFT": [
    3.34199e-7,
    3.33498e-7
  ],
  "USDAI": [
    0.999995,
    1
  ],
  "ADI": [
    3.23,
    3.24
  ],
  "INJ": [
    3.14,
    3.12
  ],
  "KAIA": [
    0.051592,
    0.051201
  ],
  "TIA": [
    0.334475,
    0.333927
  ],
  "AERO": [
    0.321865,
    0.321041
  ],
  "BSV": [
    14.59,
    14.53
  ],
  "FLOKI": [
    0.00002991,
    0.00002985
  ],
  "DEXE": [
    6.01,
    6.15
  ],
  "SPX": [
    0.305998,
    0.304579
  ],
  "GRT": [
    0.02608602,
    0.02604454
  ],
  "JASMY": [
    0.00565737,
    0.00567041
  ],
  "VVV": [
    6.07,
    6.2
  ],
  "FRAX": [
    0.992244,
    0.992256
  ],
  "SYRUP": [
    0.23727,
    0.235706
  ],
  "APEPE": [
    0.00000128,
    0.00000128
  ],
  "IOTA": [
    0.061686,
    0.061591
  ],
  "FO": [
    0.263662,
    0.263912
  ],
  "2Z": [
    0.076021,
    0.075791
  ],
  "LIT": [
    1.052,
    1.049
  ],
  "OP": [
    0.12357,
    0.122913
  ],
  "IP": [
    0.740011,
    0.740483
  ],
  "CRVUSD": [
    0.99892,
    0.99974
  ],
  "LDO": [
    0.299022,
    0.298607
  ],
  "PYTH": [
    0.04366032,
    0.04316089
  ],
  "OHM": [
    15.92,
    15.9
  ],
  "ZBCN": [
    0.00249231,
    0.00252258
  ],
  "ENS": [
    6.23,
    6.22
  ],
  "MON": [
    0.02200356,
    0.02188262
  ],
  "BTSE": [
    1.46,
    1.46
  ],
  "TEL": [
    0.00244895,
    0.00244566
  ],
  "HNT": [
    1.24,
    1.23
  ],
  "STRK": [
    0.03864834,
    0.03954511
  ],
  "B": [
    0.220175,
    0.217575
  ],
  "USDA": [
    0.984014,
    0.984014
  ],
  "SAND": [
    0.081521,
    0.081327
  ],
  "AUSD": [
    0.999965,
    0.999995
  ],
  "XPL": [
    0.096041,
    0.096377
  ],
  "LUNC": [
    0.00003961,
    0.0000395
  ],
  "BCAP": [
    22.99,
    22.99
  ],
  "TWT": [
    0.505675,
    0.502389
  ],
  "GRASS": [
    0.383321,
    0.3849
  ],
  "PENDLE": [
    1.26,
    1.26
  ],
  "AB": [
    0.00205379,
    0.00205172
  ],
  "AXS": [
    1.19,
    1.19
  ],
  "NUSD": [
    0.998784,
    0.999465
  ],
  "9BIT": [
    0.02422435,
    0.02422715
  ],
  "BORG": [
    0.201832,
    0.201744
  ],
  "XCN": [
    0.0052338,
    0.00523802
  ],
  "FARTCOIN": [
    0.196812,
    0.195909
  ],
  "REUSD": [
    1.068,
    1.068
  ],
  "USTBL": [
    1.078,
    1.078
  ],
  "UDS": [
    1.55,
    1.55
  ],
  "VSN": [
    0.052435,
    0.052792
  ],
  "PC0000031": [
    1,
    1
  ],
  "REAL": [
    0.059906,
    0.059642
  ],
  "NEO": [
    2.68,
    2.67
  ],
  "COMP": [
    19.25,
    19.21
  ],
  "FLUID": [
    2.34,
    2.34
  ],
  "WIF": [
    0.180732,
    0.181995
  ],
  "WAL": [
    0.080204,
    0.079779
  ],
  "FDIT": [
    1,
    1
  ],
  "IUSD": [
    0.999399,
    0.999502
  ],
  "WFI": [
    2.15,
    2.15
  ],
  "ZK": [
    0.01895024,
    0.01885849
  ],
  "H": [
    0.09489,
    0.094501
  ],
  "S": [
    0.04481909,
    0.0451086
  ],
  "MANA": [
    0.088459,
    0.088032
  ],
  "THETA": [
    0.170179,
    0.169765
  ],
  "CVX": [
    1.84,
    1.83
  ],
  "FF": [
    0.070933,
    0.070884
  ],
  "RAY": [
    0.617215,
    0.616241
  ],
  "MX": [
    1.79,
    1.79
  ],
  "KOGE": [
    47.99,
    47.99
  ]
}