{
  "RIVER": [
    25.08,
    24.57
  ],
  "ETHFI": [
    0.601539,
    0.603998
  ],
  "FTN": [
    1.089,
    1.089
  ],
  "A7A5": [
    0.01177316,
    0.01177375
  ],
  "CAKE": [
    1.39,
    1.39
  ],
  "VIRTUAL": [
    0.697716,
    0.696943
  ],
  "STX": [
    0.245944,
    0.245893
  ],
  "PENGU": [
    0.00709087,
    0.00711018
  ],
  "DCR": [
    25.75,
    25.35
  ],
  "XTZ": [
    0.399541,
    0.400563
  ],
  "EURC": [
    1.16,
    1.16
  ],
  "SEI": [
    0.063278,
    0.063174
  ],
  "JAAA": [
    1.027,
    1.027
  ],
  "DASH": [
    32.1,
    32.32
  ],
  "KITE": [
    0.217784,
    0.219049
  ],
  "FDUSD": [
    0.999537,
    0.99905
  ],
  "CHZ": [
    0.03639866,
    0.0363618
  ],
  "KAU": [
    147.35,
    151.43
  ],
  "USX": [
    0.999753,
    0.99966
  ],
  "PRIME": [
    1.027,
    1.028
  ],
  "CRV": [
    0.233741,
    0.23357
  ],
  "GNO": [
    131.01,
    131.07
  ],
  "CFX": [
    0.065684,
    0.065734
  ],
  "SUN": [
    0.01755124,
    0.01748978
  ],
  "BTT": [
    3.36896e-7,
    3.37225e-7
  ],
  "NFT": [
    3.33755e-7,
    3.34303e-7
  ],
  "USDAI": [
    0.999866,
    0.999773
  ],
  "ADI": [
    3.23,
    3.24
  ],
  "INJ": [
    3.09,
    3.1
  ],
  "KAIA": [
    0.051221,
    0.051368
  ],
  "TIA": [
    0.333148,
    0.334284
  ],
  "AERO": [
    0.319833,
    0.320459
  ],
  "DEXE": [
    6.29,
    6.33
  ],
  "BSV": [
    14.67,
    14.62
  ],
  "FLOKI": [
    0.00002982,
    0.00002987
  ],
  "SPX": [
    0.305349,
    0.306448
  ],
  "GRT": [
    0.02609412,
    0.02610083
  ],
  "JASMY": [
    0.00563425,
    0.00564247
  ],
  "SYRUP": [
    0.237656,
    0.236919
  ],
  "FRAX": [
    0.992312,
    0.992581
  ],
  "APEPE": [
    0.00000128,
    0.00000128
  ],
  "LIT": [
    1.084,
    1.072
  ],
  "IOTA": [
    0.061408,
    0.061334
  ],
  "2Z": [
    0.076382,
    0.076176
  ],
  "FO": [
    0.264819,
    0.264824
  ],
  "IP": [
    0.745353,
    0.744504
  ],
  "OP": [
    0.122463,
    0.123085
  ],
  "CRVUSD": [
    0.999587,
    0.9999
  ],
  "VVV": [
    5.59,
    5.72
  ],
  "LDO": [
    0.299311,
    0.299497
  ],
  "OHM": [
    16.07,
    16.08
  ],
  "PYTH": [
    0.04303902,
    0.04304678
  ],
  "ZBCN": [
    0.00251754,
    0.00250054
  ],
  "ENS": [
    6.25,
    6.23
  ],
  "BTSE": [
    1.48,
    1.47
  ],
  "MON": [
    0.02185138,
    0.02191882
  ],
  "TEL": [
    0.00245246,
    0.00245286
  ],
  "HNT": [
    1.25,
    1.25
  ],
  "B": [
    0.225826,
    0.227718
  ],
  "SAND": [
    0.081298,
    0.081413
  ],
  "USDA": [
    0.984014,
    0.984014
  ],
  "AUSD": [
    0.99981,
    0.999815
  ],
  "LUNC": [
    0.00003949,
    0.0000394
  ],
  "XPL": [
    0.095147,
    0.095135
  ],
  "TWT": [
    0.508196,
    0.506639
  ],
  "PENDLE": [
    1.27,
    1.27
  ],
  "BCAP": [
    22.99,
    22.99
  ],
  "UDS": [
    1.68,
    1.67
  ],
  "STRK": [
    0.03659217,
    0.03671141
  ],
  "GRASS": [
    0.388004,
    0.382552
  ],
  "AB": [
    0.00206501,
    0.00206281
  ],
  "AXS": [
    1.2,
    1.2
  ],
  "NUSD": [
    0.999188,
    0.999471
  ],
  "BORG": [
    0.203373,
    0.206147
  ],
  "FARTCOIN": [
    0.195549,
    0.199476
  ],
  "REUSD": [
    1.068,
    1.068
  ],
  "9BIT": [
    0.02290215,
    0.02379214
  ],
  "XCN": [
    0.00521834,
    0.00520028
  ],
  "USTBL": [
    1.078,
    1.078
  ],
  "NEO": [
    2.71,
    2.71
  ],
  "PC0000031": [
    1,
    1
  ],
  "VSN": [
    0.05265,
    0.052649
  ],
  "REAL": [
    0.059773,
    0.05972
  ],
  "COMP": [
    19.28,
    19.3
  ],
  "FLUID": [
    2.35,
    2.33
  ],
  "WIF": [
    0.179148,
    0.180173
  ],
  "WAL": [
    0.080324,
    0.080217
  ],
  "FDIT": [
    1,
    1
  ],
  "IUSD": [
    0.999769,
    0.999915
  ],
  "WFI": [
    2.17,
    2.16
  ],
  "H": [
    0.095186,
    0.095143
  ],
  "ZK": [
    0.01857554,
    0.01875765
  ],
  "MANA": [
    0.088046,
    0.088137
  ],
  "THETA": [
    0.171099,
    0.170658
  ],
  "CVX": [
    1.84,
    1.84
  ],
  "S": [
    0.04423191,
    0.04425438
  ],
  "FF": [
    0.070935,
    0.070944
  ],
  "RAY": [
    0.617906,
    0.617069
  ],
  "MX": [
    1.79,
    1.79
  ],
  "KOGE": [
    47.99,
    47.99
  ]
}