{
  "FTN": [
    1.088,
    1.089
  ],
  "CAKE": [
    1.42,
    1.41
  ],
  "A7A5": [
    0.01186165,
    0.01186249
  ],
  "VIRTUAL": [
    0.704949,
    0.703501
  ],
  "DCR": [
    26.18,
    26.1
  ],
  "PENGU": [
    0.00723856,
    0.00718834
  ],
  "ETHFI": [
    0.562913,
    0.57097
  ],
  "STX": [
    0.24573,
    0.244428
  ],
  "RIVER": [
    22.97,
    21.97
  ],
  "XTZ": [
    0.396832,
    0.397202
  ],
  "EURC": [
    1.15,
    1.16
  ],
  "SEI": [
    0.063272,
    0.063349
  ],
  "JAAA": [
    1.027,
    1.027
  ],
  "DASH": [
    31.68,
    31.76
  ],
  "KITE": [
    0.210853,
    0.216338
  ],
  "FDUSD": [
    0.999383,
    0.999468
  ],
  "CHZ": [
    0.03573236,
    0.0358294
  ],
  "USX": [
    0.999619,
    0.999745
  ],
  "PRIME": [
    1.026,
    1.028
  ],
  "KAU": [
    146.67,
    147.12
  ],
  "CRV": [
    0.234948,
    0.233236
  ],
  "GNO": [
    130.47,
    129.96
  ],
  "SUN": [
    0.01762774,
    0.01763098
  ],
  "CFX": [
    0.063501,
    0.064129
  ],
  "BTT": [
    3.3412e-7,
    3.34087e-7
  ],
  "NFT": [
    3.30963e-7,
    3.32616e-7
  ],
  "USDAI": [
    0.999871,
    0.999877
  ],
  "ADI": [
    3.26,
    3.21
  ],
  "INJ": [
    3.09,
    3.09
  ],
  "KAIA": [
    0.051361,
    0.051118
  ],
  "TIA": [
    0.333505,
    0.333326
  ],
  "AERO": [
    0.322273,
    0.32003
  ],
  "BSV": [
    14.6,
    14.59
  ],
  "FLOKI": [
    0.00002987,
    0.00002987
  ],
  "LIT": [
    1.16,
    1.15
  ],
  "DEXE": [
    6.23,
    6.04
  ],
  "SPX": [
    0.304794,
    0.302557
  ],
  "GRT": [
    0.02592342,
    0.02598099
  ],
  "SYRUP": [
    0.239554,
    0.238834
  ],
  "JASMY": [
    0.00559742,
    0.00558601
  ],
  "FRAX": [
    0.992296,
    0.992664
  ],
  "APEPE": [
    0.00000129,
    0.00000129
  ],
  "IOTA": [
    0.062214,
    0.062108
  ],
  "IP": [
    0.754868,
    0.753033
  ],
  "2Z": [
    0.076272,
    0.076202
  ],
  "FO": [
    0.263775,
    0.263827
  ],
  "OP": [
    0.123193,
    0.123763
  ],
  "CRVUSD": [
    1.002,
    1
  ],
  "OHM": [
    16.3,
    16.32
  ],
  "VVV": [
    5.65,
    5.67
  ],
  "LDO": [
    0.297337,
    0.296752
  ],
  "BTSE": [
    1.58,
    1.55
  ],
  "PYTH": [
    0.04374816,
    0.04339194
  ],
  "ZBCN": [
    0.00239799,
    0.00250154
  ],
  "MON": [
    0.02203551,
    0.02199629
  ],
  "ENS": [
    6.18,
    6.18
  ],
  "TEL": [
    0.00247359,
    0.00246156
  ],
  "HNT": [
    1.24,
    1.25
  ],
  "B": [
    0.220819,
    0.221565
  ],
  "SAND": [
    0.082264,
    0.082013
  ],
  "USDA": [
    0.984014,
    0.984014
  ],
  "LUNC": [
    0.00004014,
    0.00003972
  ],
  "AUSD": [
    0.999926,
    0.999889
  ],
  "XPL": [
    0.095437,
    0.095419
  ],
  "UDS": [
    1.72,
    1.71
  ],
  "BCAP": [
    22.99,
    22.99
  ],
  "PENDLE": [
    1.27,
    1.26
  ],
  "TWT": [
    0.501871,
    0.500689
  ],
  "AXS": [
    1.23,
    1.23
  ],
  "AB": [
    0.00209125,
    0.00208026
  ],
  "NUSD": [
    0.999251,
    1.002
  ],
  "STRK": [
    0.03564826,
    0.03580319
  ],
  "GRASS": [
    0.377762,
    0.373252
  ],
  "USTBL": [
    1.078,
    1.078
  ],
  "BORG": [
    0.203669,
    0.202762
  ],
  "XCN": [
    0.00525965,
    0.00521419
  ],
  "REUSD": [
    1.067,
    1.067
  ],
  "FARTCOIN": [
    0.197553,
    0.194811
  ],
  "NEO": [
    2.71,
    2.74
  ],
  "PC0000031": [
    1,
    1
  ],
  "VSN": [
    0.052437,
    0.052396
  ],
  "9BIT": [
    0.02287267,
    0.02289662
  ],
  "REAL": [
    0.058601,
    0.058517
  ],
  "COMP": [
    19.02,
    18.97
  ],
  "WFI": [
    2.23,
    2.23
  ],
  "WAL": [
    0.080689,
    0.080029
  ],
  "FLUID": [
    2.28,
    2.27
  ],
  "WIF": [
    0.180333,
    0.178279
  ],
  "FDIT": [
    1,
    1
  ],
  "IUSD": [
    1,
    1.001
  ],
  "H": [
    0.095297,
    0.095964
  ],
  "MANA": [
    0.089811,
    0.08946
  ],
  "ZK": [
    0.01865092,
    0.01871397
  ],
  "THETA": [
    0.171315,
    0.170711
  ],
  "S": [
    0.04459003,
    0.04445455
  ],
  "FF": [
    0.071097,
    0.070943
  ],
  "CVX": [
    1.8,
    1.8
  ],
  "MX": [
    1.79,
    1.79
  ],
  "RAY": [
    0.61097,
    0.608617
  ],
  "KOGE": [
    47.99,
    47.99
  ]
}