{
  "BTC": [
    71213,
    71248
  ],
  "ETH": [
    2184.51,
    2186.35
  ],
  "USDT": [
    1,
    1
  ],
  "XRP": [
    1.45,
    1.45
  ],
  "BNB": [
    648.08,
    648.46
  ],
  "USDC": [
    0.999925,
    0.999928
  ],
  "SOL": [
    89.65,
    89.62
  ],
  "TRX": [
    0.302669,
    0.302696
  ],
  "FIGR_HELOC": [
    1.028,
    1.028
  ],
  "DOGE": [
    0.09457,
    0.094621
  ],
  "WBT": [
    56.62,
    56.63
  ],
  "USDS": [
    0.999867,
    0.99986
  ],
  "HYPE": [
    42.6,
    42.6
  ],
  "ADA": [
    0.27211,
    0.272168
  ],
  "BCH": [
    452.78,
    452.42
  ],
  "LEO": [
    9.06,
    9.05
  ],
  "LINK": [
    9.19,
    9.19
  ],
  "XMR": [
    346.97,
    347.03
  ],
  "USDE": [
    0.999409,
    0.999727
  ],
  "XLM": [
    0.168373,
    0.16846
  ],
  "CC": [
    0.145449,
    0.14547
  ],
  "USD1": [
    0.999141,
    0.999376
  ],
  "DAI": [
    0.999853,
    1
  ],
  "LTC": [
    55.79,
    55.75
  ],
  "RAIN": [
    0.00891672,
    0.00891694
  ],
  "AVAX": [
    9.61,
    9.61
  ],
  "HBAR": [
    0.09562,
    0.095596
  ],
  "ZEC": [
    248.04,
    248.44
  ],
  "PYUSD": [
    1,
    1
  ],
  "SUI": [
    0.976651,
    0.976484
  ],
  "SHIB": [
    0.00000577,
    0.00000577
  ],
  "CRO": [
    0.076054,
    0.075985
  ],
  "M": [
    1.82,
    1.82
  ],
  "TON": [
    1.29,
    1.29
  ],
  "XAUT": [
    4836.45,
    4837.18
  ],
  "WLFI": [
    0.097524,
    0.097522
  ],
  "DOT": [
    1.56,
    1.56
  ],
  "MNT": [
    0.787682,
    0.78761
  ],
  "TAO": [
    268.73,
    268.58
  ],
  "PAXG": [
    4849.42,
    4849.3
  ],
  "USYC": [
    1.12,
    1.12
  ],
  "UNI": [
    3.63,
    3.63
  ],
  "BUIDL": [
    1,
    1
  ],
  "OKB": [
    91.19,
    91.18
  ],
  "NEAR": [
    1.39,
    1.39
  ],
  "USDG": [
    0.999916,
    0.99992
  ],
  "USDF": [
    0.998178,
    0.99823
  ],
  "AAVE": [
    113.85,
    113.8
  ],
  "ASTER": [
    0.689994,
    0.69013
  ],
  "PI": [
    0.172576,
    0.172613
  ],
  "SKY": [
    0.072591,
    0.072636
  ],
  "HTX": [
    0.00000167,
    0.00000167
  ],
  "RLUSD": [
    0.999728,
    0.999668
  ],
  "BGB": [
    2.14,
    2.14
  ],
  "PEPE": [
    0.00000349,
    0.00000349
  ],
  "ICP": [
    2.57,
    2.57
  ],
  "BFUSD": [
    0.9994,
    0.999301
  ],
  "ETC": [
    8.42,
    8.43
  ],
  "USDY": [
    1.12,
    1.12
  ],
  "ONDO": [
    0.264818,
    0.264825
  ],
  "PUMP": [
    0.00194846,
    0.00194804
  ],
  "GT": [
    6.95,
    6.95
  ],
  "USTB": [
    11.02,
    11.02
  ],
  "WLD": [
    0.363269,
    0.363125
  ],
  "KCS": [
    7.96,
    7.96
  ],
  "POL": [
    0.096742,
    0.096749
  ],
  "KAS": [
    0.03831984,
    0.03826717
  ],
  "QNT": [
    70.12,
    70.14
  ],
  "EUTBL": [
    1.2,
    1.2
  ],
  "MORPHO": [
    1.77,
    1.77
  ],
  "ATOM": [
    1.88,
    1.89
  ],
  "ENA": [
    0.108219,
    0.108203
  ],
  "RENDER": [
    1.73,
    1.73
  ],
  "NEXO": [
    0.892576,
    0.892466
  ],
  "JTRSY": [
    1.098,
    1.098
  ],
  "USDTB": [
    1.002,
    1.002
  ],
  "TRUMP": [
    3.51,
    3.51
  ],
  "ALGO": [
    0.090107,
    0.090113
  ],
  "NIGHT": [
    0.047477,
    0.04750921
  ],
  "APT": [
    0.950844,
    0.950526
  ],
  "USDD": [
    0.999035,
    1
  ],
  "OUSG": [
    114.62,
    114.62
  ],
  "FLR": [
    0.00840224,
    0.00840302
  ],
  "FIL": [
    0.918387,
    0.918487
  ],
  "HASH": [
    0.01233729,
    0.01233729
  ],
  "SIREN": [
    0.89206,
    0.892246
  ],
  "XDC": [
    0.03210379,
    0.03212931
  ],
  "VET": [
    0.0072446,
    0.00724509
  ],
  "ARB": [
    0.101856,
    0.101845
  ],
  "BDX": [
    0.080334,
    0.080298
  ],
  "GHO": [
    0.999867,
    0.999917
  ],
  "YLDS": [
    0.999928,
    0.999928
  ],
  "JUP": [
    0.162637,
    0.16258
  ],
  "USD0": [
    0.99617,
    0.998078
  ],
  "STABLE": [
    0.02631933,
    0.02633904
  ],
  "BONK": [
    0.00000612,
    0.00000612
  ],
  "JST": [
    0.057662,
    0.057659
  ],
  "FET": [
    0.221023,
    0.221209
  ],
  "TUSD": [
    0.999548,
    0.999351
  ],
  "RIVER": [
    24.89,
    24.91
  ]
}