{
  "RIVER": [
    24.57,
    24.11
  ],
  "FTN": [
    1.089,
    1.089
  ],
  "ETHFI": [
    0.603998,
    0.595396
  ],
  "A7A5": [
    0.01177375,
    0.01177335
  ],
  "CAKE": [
    1.39,
    1.39
  ],
  "VIRTUAL": [
    0.696943,
    0.697302
  ],
  "STX": [
    0.245893,
    0.245588
  ],
  "PENGU": [
    0.00711018,
    0.00709288
  ],
  "XTZ": [
    0.400563,
    0.40027
  ],
  "EURC": [
    1.16,
    1.16
  ],
  "DCR": [
    25.35,
    24.74
  ],
  "SEI": [
    0.063174,
    0.062899
  ],
  "JAAA": [
    1.027,
    1.027
  ],
  "DASH": [
    32.32,
    32.32
  ],
  "KITE": [
    0.219049,
    0.215564
  ],
  "FDUSD": [
    0.99905,
    0.999377
  ],
  "CHZ": [
    0.0363618,
    0.0363624
  ],
  "USX": [
    0.99966,
    0.999818
  ],
  "PRIME": [
    1.028,
    1.028
  ],
  "KAU": [
    151.43,
    146.85
  ],
  "CRV": [
    0.23357,
    0.233642
  ],
  "GNO": [
    131.07,
    131.52
  ],
  "SUN": [
    0.01748978,
    0.01755311
  ],
  "CFX": [
    0.065734,
    0.064667
  ],
  "BTT": [
    3.37225e-7,
    3.36672e-7
  ],
  "NFT": [
    3.34303e-7,
    3.34512e-7
  ],
  "USDAI": [
    0.999773,
    0.999592
  ],
  "ADI": [
    3.24,
    3.23
  ],
  "INJ": [
    3.1,
    3.1
  ],
  "KAIA": [
    0.051368,
    0.051679
  ],
  "TIA": [
    0.334284,
    0.332604
  ],
  "AERO": [
    0.320459,
    0.320319
  ],
  "AP3X": [
    0.205857
  ],
  "BSV": [
    14.62,
    14.65
  ],
  "DEXE": [
    6.33,
    6.25
  ],
  "FLOKI": [
    0.00002987,
    0.00002982
  ],
  "SPX": [
    0.306448,
    0.305953
  ],
  "GRT": [
    0.02610083,
    0.02595756
  ],
  "JASMY": [
    0.00564247,
    0.00562755
  ],
  "SYRUP": [
    0.236919,
    0.237209
  ],
  "FRAX": [
    0.992581,
    0.992646
  ],
  "APEPE": [
    0.00000128,
    0.00000128
  ],
  "IOTA": [
    0.061334,
    0.061496
  ],
  "LIT": [
    1.072,
    1.066
  ],
  "FO": [
    0.264824,
    0.264063
  ],
  "2Z": [
    0.076176,
    0.075862
  ],
  "VVV": [
    5.72,
    5.85
  ],
  "IP": [
    0.744504,
    0.743371
  ],
  "OP": [
    0.123085,
    0.122507
  ],
  "CRVUSD": [
    0.9999,
    0.999573
  ],
  "LDO": [
    0.299497,
    0.298855
  ],
  "OHM": [
    16.08,
    16.11
  ],
  "ZBCN": [
    0.00250054,
    0.00252631
  ],
  "PYTH": [
    0.04304678,
    0.04296354
  ],
  "ENS": [
    6.23,
    6.2
  ],
  "BTSE": [
    1.47,
    1.47
  ],
  "MON": [
    0.02191882,
    0.02181851
  ],
  "TEL": [
    0.00245286,
    0.00245452
  ],
  "HNT": [
    1.25,
    1.25
  ],
  "B": [
    0.227718,
    0.224392
  ],
  "USDA": [
    0.984014,
    0.984014
  ],
  "AUSD": [
    0.999815,
    0.999971
  ],
  "SAND": [
    0.081413,
    0.081073
  ],
  "LUNC": [
    0.0000394,
    0.00003938
  ],
  "XPL": [
    0.095135,
    0.09471
  ],
  "TWT": [
    0.506639,
    0.504317
  ],
  "PENDLE": [
    1.27,
    1.27
  ],
  "BCAP": [
    22.99,
    22.99
  ],
  "UDS": [
    1.67,
    1.67
  ],
  "GRASS": [
    0.382552,
    0.382245
  ],
  "STRK": [
    0.03671141,
    0.03662454
  ],
  "AB": [
    0.00206281,
    0.00206388
  ],
  "BORG": [
    0.206147,
    0.206498
  ],
  "NUSD": [
    0.999471,
    0.999573
  ],
  "AXS": [
    1.2,
    1.19
  ],
  "FARTCOIN": [
    0.199476,
    0.200674
  ],
  "XCN": [
    0.00520028,
    0.00522796
  ],
  "REUSD": [
    1.068,
    1.068
  ],
  "9BIT": [
    0.02379214,
    0.02379565
  ],
  "USTBL": [
    1.078,
    1.078
  ],
  "NEO": [
    2.71,
    2.7
  ],
  "PC0000031": [
    1,
    1
  ],
  "REAL": [
    0.05972,
    0.059728
  ],
  "VSN": [
    0.052649,
    0.052382
  ],
  "COMP": [
    19.3,
    19.18
  ],
  "FLUID": [
    2.33,
    2.32
  ],
  "WAL": [
    0.080217,
    0.080197
  ],
  "WIF": [
    0.180173,
    0.180098
  ],
  "FDIT": [
    1,
    1
  ],
  "IUSD": [
    0.999915,
    0.999949
  ],
  "WFI": [
    2.16,
    2.16
  ],
  "H": [
    0.095143,
    0.095198
  ],
  "ZK": [
    0.01875765,
    0.01868714
  ],
  "THETA": [
    0.170658,
    0.170345
  ],
  "MANA": [
    0.088137,
    0.087833
  ],
  "CVX": [
    1.84,
    1.84
  ],
  "S": [
    0.04425438,
    0.04427763
  ],
  "RAY": [
    0.617069,
    0.61868
  ],
  "FF": [
    0.070944,
    0.070867
  ],
  "MX": [
    1.79,
    1.79
  ]
}