{
  "VIRTUAL": [
    0.727662,
    0.720928
  ],
  "FTN": [
    1.088,
    1.089
  ],
  "CAKE": [
    1.43,
    1.42
  ],
  "PENGU": [
    0.00726871,
    0.00728018
  ],
  "STX": [
    0.249129,
    0.24842
  ],
  "A7A5": [
    0.01160435,
    0.01160005
  ],
  "DCR": [
    26.27,
    26.21
  ],
  "ETHFI": [
    0.533921,
    0.552601
  ],
  "SEI": [
    0.063864,
    0.064031
  ],
  "EURC": [
    1.16,
    1.16
  ],
  "XTZ": [
    0.39704,
    0.3926
  ],
  "JAAA": [
    1.027,
    1.027
  ],
  "DASH": [
    31.82,
    31.81
  ],
  "KITE": [
    0.216559,
    0.219241
  ],
  "FDUSD": [
    0.99966,
    0.99935
  ],
  "CHZ": [
    0.03576704,
    0.03584938
  ],
  "USX": [
    0.999621,
    0.999705
  ],
  "KAU": [
    150.47,
    150.48
  ],
  "RIVER": [
    20.91,
    18.1
  ],
  "CRV": [
    0.237153,
    0.23673
  ],
  "GNO": [
    131.35,
    131.68
  ],
  "PRIME": [
    1.028,
    1.028
  ],
  "SUN": [
    0.01733382,
    0.01751691
  ],
  "BTT": [
    3.34961e-7,
    3.33996e-7
  ],
  "CFX": [
    0.064821,
    0.063441
  ],
  "NFT": [
    3.32798e-7,
    3.31998e-7
  ],
  "ADI": [
    3.34,
    3.33
  ],
  "USDAI": [
    0.999631,
    0.999858
  ],
  "INJ": [
    3.14,
    3.12
  ],
  "KAIA": [
    0.0518,
    0.051612
  ],
  "TIA": [
    0.337115,
    0.337718
  ],
  "AERO": [
    0.324907,
    0.324746
  ],
  "LIT": [
    1.2,
    1.19
  ],
  "BSV": [
    14.56,
    14.56
  ],
  "DEXE": [
    6.03,
    6.21
  ],
  "FLOKI": [
    0.00003006,
    0.00003001
  ],
  "SPX": [
    0.309753,
    0.309575
  ],
  "GRT": [
    0.02625644,
    0.02617237
  ],
  "JASMY": [
    0.00566545,
    0.00565474
  ],
  "SYRUP": [
    0.240842,
    0.24027
  ],
  "FRAX": [
    0.99316,
    0.993213
  ],
  "IOTA": [
    0.062255,
    0.062142
  ],
  "APEPE": [
    0.00000128,
    0.00000128
  ],
  "IP": [
    0.769815,
    0.765891
  ],
  "2Z": [
    0.076827,
    0.077039
  ],
  "OP": [
    0.123941,
    0.124937
  ],
  "FO": [
    0.263469,
    0.263205
  ],
  "VVV": [
    5.78,
    5.84
  ],
  "BTSE": [
    1.6,
    1.6
  ],
  "CRVUSD": [
    0.999757,
    0.997597
  ],
  "OHM": [
    16.51,
    16.49
  ],
  "PYTH": [
    0.04463097,
    0.04475672
  ],
  "LDO": [
    0.298725,
    0.298715
  ],
  "ZBCN": [
    0.00261335,
    0.00257132
  ],
  "ENS": [
    6.26,
    6.26
  ],
  "MON": [
    0.02215032,
    0.02212495
  ],
  "TEL": [
    0.00248061,
    0.0024856
  ],
  "B": [
    0.235729,
    0.235068
  ],
  "HNT": [
    1.28,
    1.26
  ],
  "XPL": [
    0.100713,
    0.099889
  ],
  "SAND": [
    0.082486,
    0.081878
  ],
  "USDA": [
    0.984014,
    0.984014
  ],
  "LUNC": [
    0.00003962,
    0.00003972
  ],
  "AUSD": [
    0.999722,
    0.999852
  ],
  "UDS": [
    1.73,
    1.73
  ],
  "TWT": [
    0.511427,
    0.510805
  ],
  "PENDLE": [
    1.27,
    1.27
  ],
  "BCAP": [
    22.99,
    22.99
  ],
  "AB": [
    0.00210507,
    0.00210613
  ],
  "AXS": [
    1.24,
    1.23
  ],
  "STRK": [
    0.03639816,
    0.03663625
  ],
  "GRASS": [
    0.386844,
    0.377525
  ],
  "BORG": [
    0.205966,
    0.208022
  ],
  "NUSD": [
    0.99947,
    0.99951
  ],
  "FARTCOIN": [
    0.206989,
    0.201901
  ],
  "USTBL": [
    1.078,
    1.078
  ],
  "XCN": [
    0.00533793,
    0.00534455
  ],
  "REUSD": [
    1.068,
    1.068
  ],
  "NEO": [
    2.73,
    2.72
  ],
  "VSN": [
    0.053627,
    0.053009
  ],
  "PC0000031": [
    1,
    1
  ],
  "9BIT": [
    0.02355539,
    0.02297258
  ],
  "REAL": [
    0.059555,
    0.059235
  ],
  "COMP": [
    19.23,
    19.08
  ],
  "WAL": [
    0.081304,
    0.081581
  ],
  "WFI": [
    2.25,
    2.22
  ],
  "FDIT": [
    1,
    1
  ],
  "WIF": [
    0.175418,
    0.17783
  ],
  "FLUID": [
    2.26,
    2.25
  ],
  "IUSD": [
    1,
    0.999211
  ],
  "MANA": [
    0.090316,
    0.089967
  ],
  "ZK": [
    0.01892804,
    0.01886141
  ],
  "H": [
    0.092063,
    0.095145
  ],
  "THETA": [
    0.173332,
    0.173151
  ],
  "S": [
    0.04483146,
    0.04499935
  ],
  "CVX": [
    1.83,
    1.82
  ],
  "FF": [
    0.070546,
    0.071085
  ],
  "MX": [
    1.79,
    1.79
  ],
  "RAY": [
    0.613922,
    0.611336
  ],
  "KOGE": [
    47.99,
    48
  ]
}