{
  "VIRTUAL": [
    0.727696,
    0.729543
  ],
  "FTN": [
    1.088,
    1.089
  ],
  "CAKE": [
    1.43,
    1.43
  ],
  "A7A5": [
    0.01185658,
    0.01185652
  ],
  "PENGU": [
    0.00739376,
    0.007385
  ],
  "DCR": [
    26.71,
    26.78
  ],
  "STX": [
    0.251751,
    0.249238
  ],
  "SEI": [
    0.065116,
    0.064858
  ],
  "ZRO": [
    2.15,
    2.15
  ],
  "EURC": [
    1.15,
    1.15
  ],
  "ETHFI": [
    0.54389,
    0.542459
  ],
  "XTZ": [
    0.388178,
    0.388353
  ],
  "JAAA": [
    1.027,
    1.027
  ],
  "DASH": [
    32.4,
    32.38
  ],
  "FDUSD": [
    0.999997,
    0.999943
  ],
  "KAU": [
    157.09,
    156.47
  ],
  "CHZ": [
    0.03590713,
    0.0358725
  ],
  "USX": [
    0.999758,
    0.999666
  ],
  "CRV": [
    0.239939,
    0.239577
  ],
  "GNO": [
    134.63,
    134.64
  ],
  "KITE": [
    0.190706,
    0.191799
  ],
  "BTT": [
    3.42288e-7,
    3.41403e-7
  ],
  "NFT": [
    3.32767e-7,
    3.32886e-7
  ],
  "PRIME": [
    1.026,
    1.026
  ],
  "USDAI": [
    0.999795,
    0.999685
  ],
  "SUN": [
    0.01680706,
    0.01682
  ],
  "CFX": [
    0.06151,
    0.061418
  ],
  "KAIA": [
    0.053302,
    0.053209
  ],
  "LIT": [
    1.24,
    1.24
  ],
  "TIA": [
    0.34631,
    0.345927
  ],
  "INJ": [
    3.06,
    3.06
  ],
  "ADI": [
    3.11,
    3.12
  ],
  "BSV": [
    15.1,
    15.09
  ],
  "AERO": [
    0.327514,
    0.326563
  ],
  "SPX": [
    0.312761,
    0.311624
  ],
  "JASMY": [
    0.00582818,
    0.00582031
  ],
  "FLOKI": [
    0.00002976,
    0.00002971
  ],
  "GRT": [
    0.02652227,
    0.02651923
  ],
  "IP": [
    0.798659,
    0.795753
  ],
  "SYRUP": [
    0.240129,
    0.240813
  ],
  "IOTA": [
    0.063383,
    0.063398
  ],
  "FRAX": [
    0.99087,
    0.992554
  ],
  "2Z": [
    0.077933,
    0.077957
  ],
  "APEPE": [
    0.00000128,
    0.00000129
  ],
  "PYTH": [
    0.04699409,
    0.04699836
  ],
  "OP": [
    0.126325,
    0.125871
  ],
  "FO": [
    0.263707,
    0.263701
  ],
  "OHM": [
    16.73,
    16.73
  ],
  "BTSE": [
    1.59,
    1.6
  ],
  "DEXE": [
    5.46,
    5.5
  ],
  "LDO": [
    0.301732,
    0.301311
  ],
  "GREAT": [
    12.15,
    12.15
  ],
  "CRVUSD": [
    1.001,
    1.002
  ],
  "MON": [
    0.02285973,
    0.02279902
  ],
  "VVV": [
    5.42,
    5.43
  ],
  "XPL": [
    0.10766,
    0.106999
  ],
  "ENS": [
    6.25,
    6.25
  ],
  "TEL": [
    0.00251393,
    0.00251274
  ],
  "B": [
    0.236559,
    0.237274
  ],
  "UDS": [
    1.86,
    1.86
  ],
  "HNT": [
    1.22,
    1.23
  ],
  "LUNC": [
    0.00004093,
    0.000041
  ],
  "SAND": [
    0.083096,
    0.083081
  ],
  "USDA": [
    0.984161,
    0.984161
  ],
  "AUSD": [
    0.999954,
    0.999837
  ],
  "TWT": [
    0.517311,
    0.516064
  ],
  "STRK": [
    0.03750449,
    0.03743327
  ],
  "GRASS": [
    0.3874,
    0.390767
  ],
  "AB": [
    0.00212958,
    0.00212756
  ],
  "BCAP": [
    22.99,
    22.99
  ],
  "XCN": [
    0.00555228,
    0.00555791
  ],
  "9BIT": [
    0.025391,
    0.02537903
  ],
  "PENDLE": [
    1.26,
    1.25
  ],
  "NUSD": [
    0.995194,
    1
  ],
  "BORG": [
    0.208952,
    0.208725
  ],
  "AXS": [
    1.2,
    1.2
  ],
  "ZBCN": [
    0.0020509,
    0.00205477
  ],
  "FARTCOIN": [
    0.201533,
    0.20014
  ],
  "USTBL": [
    1.077,
    1.077
  ],
  "VSN": [
    0.053705,
    0.053654
  ],
  "WFI": [
    2.34,
    2.34
  ],
  "PC0000031": [
    1,
    1
  ],
  "REUSD": [
    1.067,
    1.067
  ],
  "NEO": [
    2.67,
    2.68
  ],
  "REAL": [
    0.059515,
    0.059396
  ],
  "H": [
    0.101977,
    0.102161
  ],
  "WAL": [
    0.081186,
    0.081005
  ],
  "COMP": [
    18.73,
    18.74
  ],
  "ZK": [
    0.0196739,
    0.0195951
  ],
  "THETA": [
    0.178553,
    0.17836
  ],
  "FDIT": [
    1,
    1
  ],
  "MANA": [
    0.091519,
    0.091466
  ],
  "WIF": [
    0.176887,
    0.176787
  ],
  "IUSD": [
    0.997919,
    1
  ],
  "FLUID": [
    2.24,
    2.24
  ],
  "CVX": [
    1.91,
    1.91
  ],
  "S": [
    0.04519064,
    0.04511759
  ],
  "FF": [
    0.07238,
    0.072377
  ],
  "MX": [
    1.79,
    1.79
  ],
  "RAY": [
    0.610596,
    0.610993
  ]
}