{
  "TUSD": [
    0.999438
  ],
  "ETHFI": [
    0.598959,
    0.603699
  ],
  "FTN": [
    1.089,
    1.089
  ],
  "A7A5": [
    0.01177334,
    0.01180247
  ],
  "CAKE": [
    1.39,
    1.38
  ],
  "VIRTUAL": [
    0.693068,
    0.692805
  ],
  "STX": [
    0.244702,
    0.244845
  ],
  "PENGU": [
    0.00706312,
    0.00704263
  ],
  "XTZ": [
    0.398773,
    0.397737
  ],
  "EURC": [
    1.16,
    1.16
  ],
  "SEI": [
    0.063184,
    0.063126
  ],
  "DCR": [
    24.52,
    24.42
  ],
  "JAAA": [
    1.027,
    1.027
  ],
  "DASH": [
    32.27,
    32.6
  ],
  "KITE": [
    0.219524,
    0.217043
  ],
  "FDUSD": [
    0.999493,
    0.999583
  ],
  "CHZ": [
    0.03619207,
    0.03620911
  ],
  "USX": [
    0.999722,
    0.999733
  ],
  "PRIME": [
    1.028,
    1.028
  ],
  "KAU": [
    146.89,
    146.91
  ],
  "CRV": [
    0.233052,
    0.233209
  ],
  "GNO": [
    130.85,
    130.9
  ],
  "SUN": [
    0.01775696,
    0.01786257
  ],
  "CFX": [
    0.064524,
    0.064699
  ],
  "BTT": [
    3.36675e-7,
    3.36733e-7
  ],
  "NFT": [
    3.34623e-7,
    3.34938e-7
  ],
  "USDAI": [
    0.999423,
    0.999606
  ],
  "ADI": [
    3.23,
    3.23
  ],
  "INJ": [
    3.09,
    3.08
  ],
  "KAIA": [
    0.051764,
    0.051571
  ],
  "TIA": [
    0.331909,
    0.331721
  ],
  "AERO": [
    0.319518,
    0.319644
  ],
  "BSV": [
    14.65,
    14.65
  ],
  "FLOKI": [
    0.00002969,
    0.00002966
  ],
  "DEXE": [
    6.07,
    6.06
  ],
  "SPX": [
    0.304162,
    0.303785
  ],
  "GRT": [
    0.02592013,
    0.02589697
  ],
  "JASMY": [
    0.00560882,
    0.00560371
  ],
  "FRAX": [
    0.992462,
    0.99299
  ],
  "SYRUP": [
    0.236279,
    0.236251
  ],
  "APEPE": [
    0.00000128,
    0.00000129
  ],
  "IOTA": [
    0.06136,
    0.061399
  ],
  "FO": [
    0.264833,
    0.265061
  ],
  "LIT": [
    1.054,
    1.056
  ],
  "2Z": [
    0.076055,
    0.075843
  ],
  "VVV": [
    5.77,
    5.83
  ],
  "IP": [
    0.742905,
    0.742509
  ],
  "CRVUSD": [
    0.999572,
    0.999824
  ],
  "OP": [
    0.121708,
    0.121657
  ],
  "LDO": [
    0.298101,
    0.298064
  ],
  "OHM": [
    16.09,
    15.89
  ],
  "PYTH": [
    0.04283956,
    0.04280596
  ],
  "ZBCN": [
    0.00246318,
    0.0024521
  ],
  "ENS": [
    6.2,
    6.2
  ],
  "BTSE": [
    1.47,
    1.47
  ],
  "MON": [
    0.02191048,
    0.02178854
  ],
  "TEL": [
    0.00245088,
    0.00244996
  ],
  "HNT": [
    1.24,
    1.24
  ],
  "B": [
    0.224498,
    0.224774
  ],
  "USDA": [
    0.984014,
    0.984014
  ],
  "AUSD": [
    0.999817,
    0.999956
  ],
  "SAND": [
    0.080585,
    0.080729
  ],
  "LUNC": [
    0.00003937,
    0.00003932
  ],
  "XPL": [
    0.094356,
    0.094416
  ],
  "TWT": [
    0.50636,
    0.507807
  ],
  "STRK": [
    0.03683185,
    0.03736939
  ],
  "BCAP": [
    22.99,
    22.99
  ],
  "PENDLE": [
    1.26,
    1.26
  ],
  "GRASS": [
    0.378638,
    0.379547
  ],
  "UDS": [
    1.66,
    1.64
  ],
  "AB": [
    0.00206346,
    0.00206427
  ],
  "BORG": [
    0.206462,
    0.206938
  ],
  "NUSD": [
    1,
    0.999739
  ],
  "AXS": [
    1.18,
    1.18
  ],
  "9BIT": [
    0.02408487,
    0.02405559
  ],
  "FARTCOIN": [
    0.19806,
    0.19647
  ],
  "XCN": [
    0.00519132,
    0.00521946
  ],
  "REUSD": [
    1.068,
    1.068
  ],
  "USTBL": [
    1.078,
    1.078
  ],
  "NEO": [
    2.69,
    2.69
  ],
  "PC0000031": [
    1,
    1
  ],
  "REAL": [
    0.059708,
    0.059677
  ],
  "VSN": [
    0.052397,
    0.052407
  ],
  "COMP": [
    19.27,
    19.21
  ],
  "FLUID": [
    2.32,
    2.33
  ],
  "WAL": [
    0.080112,
    0.080142
  ],
  "WIF": [
    0.179321,
    0.179495
  ],
  "FDIT": [
    1,
    1
  ],
  "WFI": [
    2.17,
    2.17
  ],
  "IUSD": [
    1,
    1
  ],
  "H": [
    0.095023,
    0.095183
  ],
  "ZK": [
    0.01862,
    0.01857355
  ],
  "THETA": [
    0.169609,
    0.16964
  ],
  "MANA": [
    0.087061,
    0.087337
  ],
  "CVX": [
    1.84,
    1.84
  ],
  "S": [
    0.04421434,
    0.04425225
  ],
  "FF": [
    0.070855,
    0.070828
  ],
  "RAY": [
    0.61631,
    0.616977
  ],
  "MX": [
    1.79,
    1.79
  ],
  "KOGE": [
    47.99,
    47.99
  ]
}