{
  "VIRTUAL": [
    0.733111,
    0.733158
  ],
  "PENGU": [
    0.00745342,
    0.00745695
  ],
  "A7A5": [
    0.01185619,
    0.01183323
  ],
  "STX": [
    0.252129,
    0.252131
  ],
  "SEI": [
    0.065267,
    0.065266
  ],
  "ETHFI": [
    0.545951,
    0.546116
  ],
  "XTZ": [
    0.388923,
    0.388943
  ],
  "FDUSD": [
    0.999182,
    0.999683
  ],
  "CHZ": [
    0.03625531,
    0.03621616
  ],
  "USX": [
    0.999878,
    0.999796
  ],
  "CRV": [
    0.240666,
    0.240681
  ],
  "KITE": [
    0.190231,
    0.189898
  ],
  "BTT": [
    3.41726e-7,
    3.4198e-7
  ],
  "NFT": [
    3.32901e-7,
    3.32964e-7
  ],
  "USDAI": [
    0.999705,
    0.999796
  ],
  "SUN": [
    0.01676855,
    0.01677559
  ],
  "CFX": [
    0.061136,
    0.061118
  ],
  "KAIA": [
    0.05327,
    0.053278
  ],
  "TIA": [
    0.348681,
    0.348682
  ],
  "AERO": [
    0.328421,
    0.328445
  ],
  "SPX": [
    0.314242,
    0.314227
  ],
  "JASMY": [
    0.00583188,
    0.00583058
  ],
  "FLOKI": [
    0.00002984,
    0.00002985
  ],
  "GRT": [
    0.02662637,
    0.02663953
  ],
  "IP": [
    0.795219,
    0.79534
  ],
  "SYRUP": [
    0.240361,
    0.240255
  ],
  "IOTA": [
    0.06366,
    0.06364
  ],
  "FRAX": [
    0.99235,
    0.991968
  ],
  "PYTH": [
    0.04732775,
    0.04733743
  ],
  "2Z": [
    0.078305,
    0.078303
  ],
  "APEPE": [
    0.00000128,
    0.00000128
  ],
  "OP": [
    0.126976,
    0.126997
  ],
  "FO": [
    0.263928,
    0.263928
  ],
  "LDO": [
    0.302908,
    0.302956
  ],
  "MON": [
    0.0229994,
    0.02301358
  ],
  "XPL": [
    0.108259,
    0.108272
  ],
  "TEL": [
    0.00252089,
    0.00252147
  ],
  "B": [
    0.237661,
    0.237702
  ],
  "LUNC": [
    0.00004124,
    0.00004123
  ],
  "SAND": [
    0.083568,
    0.083578
  ],
  "USDA": [
    0.984161,
    0.984161
  ],
  "AUSD": [
    0.999754,
    0.999951
  ],
  "GRASS": [
    0.396503,
    0.39344
  ],
  "TWT": [
    0.516984,
    0.516952
  ],
  "STRK": [
    0.03767511,
    0.03768147
  ],
  "XCN": [
    0.00562599,
    0.00563839
  ],
  "AB": [
    0.0021271,
    0.00212742
  ],
  "9BIT": [
    0.02540087,
    0.02539448
  ],
  "FARTCOIN": [
    0.206007,
    0.206049
  ],
  "NUSD": [
    0.999365,
    0.998114
  ],
  "BORG": [
    0.208618,
    0.209167
  ],
  "ZBCN": [
    0.00205838,
    0.00205782
  ],
  "VSN": [
    0.053851,
    0.05381
  ],
  "REAL": [
    0.059796,
    0.059811
  ],
  "H": [
    0.102615,
    0.102687
  ],
  "WAL": [
    0.081533,
    0.081511
  ],
  "ZK": [
    0.01960895,
    0.01961067
  ],
  "THETA": [
    0.178325,
    0.178407
  ],
  "MANA": [
    0.091981,
    0.091995
  ],
  "WIF": [
    0.177423,
    0.177455
  ],
  "IUSD": [
    0.999884,
    0.999308
  ],
  "S": [
    0.04555768,
    0.04556324
  ],
  "FF": [
    0.07257,
    0.072581
  ],
  "RAY": [
    0.611916,
    0.611892
  ]
}