{
  "ZRO": [
    1.96,
    1.96
  ],
  "A7A5": [
    0.01210324,
    0.01210318,
    0.01210318,
    0.01210318,
    0.01210318
  ],
  "FTN": [
    1.088,
    1.088,
    1.088,
    1.088,
    1.088
  ],
  "ETHFI": [
    0.576452,
    0.576435,
    0.576435,
    0.576128,
    0.576128
  ],
  "CAKE": [
    1.37,
    1.37,
    1.37,
    1.37,
    1.37
  ],
  "VIRTUAL": [
    0.673839,
    0.673937,
    0.673937,
    0.673838,
    0.673838
  ],
  "STX": [
    0.239733,
    0.239521,
    0.239521,
    0.239502,
    0.239502
  ],
  "PENGU": [
    0.00683267,
    0.00683322,
    0.00683322,
    0.00683529,
    0.00683529
  ],
  "EURC": [
    1.16,
    1.16,
    1.16,
    1.16,
    1.16
  ],
  "DCR": [
    24.4,
    24.4,
    24.4,
    24.4,
    24.4
  ],
  "XTZ": [
    0.389989,
    0.390032,
    0.390032,
    0.390069,
    0.390069
  ],
  "JAAA": [
    1.027,
    1.027,
    1.027,
    1.027,
    1.027
  ],
  "SEI": [
    0.061504,
    0.0615,
    0.0615,
    0.061497,
    0.061497
  ],
  "DASH": [
    31.31,
    31.23,
    31.23,
    31.31,
    31.31
  ],
  "KITE": [
    0.217627,
    0.217807,
    0.217807,
    0.217728,
    0.217728
  ],
  "FDUSD": [
    0.999391,
    0.999437,
    0.999437,
    0.999686,
    0.999686
  ],
  "KAU": [
    154.97,
    154.97,
    154.97,
    154.97,
    154.97
  ],
  "CHZ": [
    0.0353173,
    0.03530349,
    0.03530349,
    0.03530256,
    0.03530256
  ],
  "USX": [
    0.999671,
    0.99959,
    0.99959,
    0.999575,
    0.999575
  ],
  "PRIME": [
    1.028,
    1.028,
    1.028,
    1.028,
    1.028
  ],
  "SUN": [
    0.01796383,
    0.01795039,
    0.01795039,
    0.0179778,
    0.0179778
  ],
  "CRV": [
    0.225987,
    0.225978,
    0.225978,
    0.225996,
    0.225996
  ],
  "GNO": [
    126.79,
    126.76,
    126.76,
    126.77,
    126.77
  ],
  "USDAI": [
    0.999492,
    0.999455,
    0.999455,
    0.999404,
    0.999404
  ],
  "NFT": [
    3.32568e-7,
    3.32559e-7,
    3.32559e-7,
    3.32598e-7,
    3.32598e-7
  ],
  "BTT": [
    3.32614e-7,
    3.32616e-7,
    3.32616e-7,
    3.32611e-7,
    3.32611e-7
  ],
  "CFX": [
    0.062661,
    0.062648,
    0.062648,
    0.062641,
    0.062641
  ],
  "ADI": [
    3.23,
    3.23,
    3.23,
    3.23,
    3.23
  ],
  "DEXE": [
    6.54,
    6.52,
    6.52,
    6.52,
    6.52
  ],
  "INJ": [
    3.01,
    3.01,
    3.01,
    3.01,
    3.01
  ],
  "KAIA": [
    0.050942,
    0.050936,
    0.050936,
    0.050931,
    0.050931
  ],
  "AERO": [
    0.310818,
    0.310826,
    0.310826,
    0.311144,
    0.311144
  ],
  "TIA": [
    0.32113,
    0.321021,
    0.321021,
    0.321014,
    0.321014
  ],
  "BSV": [
    14.24,
    14.24,
    14.24,
    14.24,
    14.24
  ],
  "FLOKI": [
    0.00002894,
    0.00002893,
    0.00002893,
    0.00002893,
    0.00002893
  ],
  "SPX": [
    0.295939,
    0.295871,
    0.295871,
    0.295823,
    0.295823
  ],
  "FRAX": [
    0.992115,
    0.991973,
    0.991973,
    0.991968,
    0.991968
  ],
  "GRT": [
    0.02525925,
    0.02525214,
    0.02525214,
    0.02524802,
    0.02524802
  ],
  "SYRUP": [
    0.234405,
    0.234428,
    0.234428,
    0.234344,
    0.234344
  ],
  "JASMY": [
    0.00547385,
    0.00547168,
    0.00547168,
    0.00547162,
    0.00547162
  ],
  "APEPE": [
    0.00000129,
    0.00000129,
    0.00000129,
    0.00000129,
    0.00000129
  ],
  "VVV": [
    6,
    6,
    6,
    6,
    6
  ],
  "FO": [
    0.264035,
    0.263991,
    0.263991,
    0.264197,
    0.264197
  ],
  "CRVUSD": [
    0.999836,
    0.999617,
    0.999617,
    0.9996,
    0.9996
  ],
  "2Z": [
    0.074556,
    0.074568,
    0.074568,
    0.074562,
    0.074562
  ],
  "IOTA": [
    0.058821,
    0.058809,
    0.058809,
    0.058802,
    0.058802
  ],
  "LIT": [
    1.022,
    1.023,
    1.023,
    1.025,
    1.025
  ],
  "OP": [
    0.118965,
    0.11893,
    0.11893,
    0.118926,
    0.118926
  ],
  "IP": [
    0.714208,
    0.714231,
    0.714231,
    0.714409,
    0.714409
  ],
  "OHM": [
    15.9,
    15.9,
    15.9,
    15.91,
    15.91
  ],
  "LDO": [
    0.28945,
    0.289423,
    0.289423,
    0.289414,
    0.289414
  ],
  "PYTH": [
    0.04199055,
    0.04199848,
    0.04199848,
    0.04200636,
    0.04200636
  ],
  "BTSE": [
    1.48,
    1.48,
    1.48,
    1.48,
    1.48
  ],
  "ZBCN": [
    0.00238235,
    0.00237909,
    0.00237909,
    0.00238078,
    0.00238078
  ],
  "ENS": [
    6.04,
    6.04,
    6.04,
    6.04,
    6.04
  ],
  "MON": [
    0.02137011,
    0.02137013,
    0.02137013,
    0.02136239,
    0.02136239
  ],
  "TEL": [
    0.00238173,
    0.00238255,
    0.00238255,
    0.00238293,
    0.00238293
  ],
  "HNT": [
    1.17,
    1.17,
    1.17,
    1.17,
    1.17
  ],
  "USDA": [
    0.984014,
    0.984014,
    0.984014,
    0.984014,
    0.984014
  ],
  "AUSD": [
    0.999807,
    0.999889,
    0.999889,
    0.999806,
    0.999806
  ],
  "B": [
    0.216646,
    0.216647,
    0.216647,
    0.216605,
    0.216605
  ],
  "XPL": [
    0.094191,
    0.094268,
    0.094268,
    0.094307,
    0.094307
  ],
  "STRK": [
    0.03744284,
    0.03739194,
    0.03739194,
    0.03738437,
    0.03738437
  ],
  "SAND": [
    0.079139,
    0.079058,
    0.079058,
    0.079059,
    0.079059
  ],
  "LUNC": [
    0.00003855,
    0.00003854,
    0.00003854,
    0.00003853,
    0.00003853
  ],
  "BCAP": [
    22.99,
    22.99,
    22.99,
    22.99,
    22.99
  ],
  "GRASS": [
    0.38176,
    0.3819,
    0.3819,
    0.381697,
    0.381697
  ],
  "TWT": [
    0.496361,
    0.496622,
    0.496622,
    0.497797,
    0.497797
  ],
  "AB": [
    0.00204725,
    0.00204681,
    0.00204681,
    0.0020486,
    0.0020486
  ],
  "NUSD": [
    0.999409,
    1,
    1,
    0.998785,
    0.998785
  ],
  "PENDLE": [
    1.21,
    1.21,
    1.21,
    1.21,
    1.21
  ],
  "9BIT": [
    0.02419712,
    0.02419849,
    0.02419849,
    0.02418683,
    0.02418683
  ],
  "REUSD": [
    1.067,
    1.067,
    1.067,
    1.067,
    1.067
  ],
  "BORG": [
    0.197669,
    0.197778,
    0.197778,
    0.197778,
    0.197778
  ],
  "USTBL": [
    1.078,
    1.078,
    1.078,
    1.078,
    1.078
  ],
  "XCN": [
    0.00517663,
    0.0051749,
    0.0051749,
    0.00517508,
    0.00517508
  ],
  "AXS": [
    1.14,
    1.14,
    1.14,
    1.14,
    1.14
  ],
  "UDS": [
    1.52,
    1.52,
    1.52,
    1.52,
    1.52
  ],
  "VSN": [
    0.052693,
    0.05269,
    0.05269,
    0.052673,
    0.052673
  ],
  "PC0000031": [
    1,
    1,
    1,
    1,
    1
  ],
  "FARTCOIN": [
    0.188357,
    0.188344,
    0.188344,
    0.188378,
    0.188378
  ],
  "NEO": [
    2.64,
    2.64,
    2.64,
    2.64,
    2.64
  ],
  "REAL": [
    0.058465,
    0.058439,
    0.058439,
    0.058447,
    0.058447
  ],
  "COMP": [
    18.92,
    18.92,
    18.92,
    18.91,
    18.91
  ],
  "WAL": [
    0.078934,
    0.078941,
    0.078941,
    0.078896,
    0.078896
  ],
  "FDIT": [
    1,
    1,
    1,
    1,
    1
  ],
  "WFI": [
    2.15,
    2.15,
    2.15,
    2.15,
    2.15
  ],
  "H": [
    0.09492,
    0.094924,
    0.094924,
    0.095035,
    0.095035
  ],
  "WIF": [
    0.173668,
    0.173642,
    0.173642,
    0.17362,
    0.17362
  ],
  "IUSD": [
    1,
    1,
    1,
    1,
    1
  ],
  "FLUID": [
    2.2,
    2.2,
    2.2,
    2.2,
    2.2
  ],
  "ZK": [
    0.01805123,
    0.01804813,
    0.01804813,
    0.01804903,
    0.01804903
  ],
  "CVX": [
    1.81,
    1.81,
    1.81,
    1.81,
    1.81
  ],
  "FF": [
    0.070616,
    0.070622,
    0.070622,
    0.070622,
    0.070622
  ],
  "MANA": [
    0.0852,
    0.085207,
    0.085207,
    0.0852,
    0.0852
  ],
  "MX": [
    1.79,
    1.79,
    1.79,
    1.79,
    1.79
  ],
  "THETA": [
    0.164405,
    0.164436,
    0.164436,
    0.164445,
    0.164445
  ],
  "S": [
    0.04294338,
    0.04294474,
    0.04294474,
    0.0429611,
    0.0429611
  ],
  "KOGE": [
    47.99,
    47.99,
    47.99,
    47.99,
    47.99
  ],
  "FT": [
    0.098563,
    0.098571,
    0.098571,
    0.098564,
    0.098564
  ]
}