{
  "FTN": [
    1.089,
    1.089
  ],
  "A7A5": [
    0.01187978,
    0.01188039
  ],
  "CAKE": [
    1.4,
    1.4
  ],
  "VIRTUAL": [
    0.697217,
    0.698308
  ],
  "DCR": [
    26.03,
    26.02
  ],
  "PENGU": [
    0.00704325,
    0.00708582
  ],
  "STX": [
    0.243247,
    0.243045
  ],
  "ETHFI": [
    0.563675,
    0.562104
  ],
  "XTZ": [
    0.397215,
    0.402106
  ],
  "EURC": [
    1.16,
    1.16
  ],
  "SEI": [
    0.062949,
    0.062999
  ],
  "JAAA": [
    1.027,
    1.027
  ],
  "RIVER": [
    21.53,
    21.17
  ],
  "DASH": [
    31.64,
    31.64
  ],
  "KITE": [
    0.21879,
    0.220595
  ],
  "FDUSD": [
    0.999428,
    0.999479
  ],
  "CHZ": [
    0.03584059,
    0.03572621
  ],
  "USX": [
    0.999745,
    0.999746
  ],
  "PRIME": [
    1.028,
    1.028
  ],
  "CRV": [
    0.232392,
    0.234129
  ],
  "KAU": [
    144.46,
    144.86
  ],
  "GNO": [
    129.99,
    129.81
  ],
  "SUN": [
    0.01756542,
    0.0176954
  ],
  "BTT": [
    3.35153e-7,
    3.35781e-7
  ],
  "CFX": [
    0.064078,
    0.063827
  ],
  "NFT": [
    3.31971e-7,
    3.33568e-7
  ],
  "USDAI": [
    0.99979,
    0.999792
  ],
  "ADI": [
    3.2,
    3.2
  ],
  "INJ": [
    3.07,
    3.07
  ],
  "KAIA": [
    0.051107,
    0.051101
  ],
  "TIA": [
    0.330951,
    0.332061
  ],
  "AERO": [
    0.318394,
    0.318338
  ],
  "BSV": [
    14.56,
    14.63
  ],
  "DEXE": [
    6.02,
    6.12
  ],
  "FLOKI": [
    0.00002952,
    0.00002957
  ],
  "SPX": [
    0.300953,
    0.301624
  ],
  "GRT": [
    0.02585993,
    0.02586077
  ],
  "JASMY": [
    0.00561947,
    0.0056114
  ],
  "LIT": [
    1.13,
    1.1
  ],
  "SYRUP": [
    0.236557,
    0.236884
  ],
  "FRAX": [
    0.991911,
    0.992103
  ],
  "APEPE": [
    0.00000129,
    0.00000129
  ],
  "IOTA": [
    0.061754,
    0.061625
  ],
  "2Z": [
    0.075796,
    0.075808
  ],
  "FO": [
    0.263775,
    0.263809
  ],
  "IP": [
    0.743539,
    0.741895
  ],
  "OP": [
    0.123077,
    0.123115
  ],
  "CRVUSD": [
    1,
    0.999738
  ],
  "OHM": [
    16.35,
    16.21
  ],
  "VVV": [
    5.68,
    5.62
  ],
  "LDO": [
    0.295317,
    0.296615
  ],
  "ZBCN": [
    0.00254404,
    0.00254907
  ],
  "PYTH": [
    0.04291834,
    0.04290281
  ],
  "BTSE": [
    1.52,
    1.5
  ],
  "MON": [
    0.02200971,
    0.02193654
  ],
  "ENS": [
    6.18,
    6.19
  ],
  "TEL": [
    0.00244124,
    0.00243724
  ],
  "HNT": [
    1.24,
    1.25
  ],
  "B": [
    0.227967,
    0.22463
  ],
  "USDA": [
    0.984014,
    0.984014
  ],
  "SAND": [
    0.081376,
    0.081428
  ],
  "AUSD": [
    0.999906,
    0.999906
  ],
  "LUNC": [
    0.00003942,
    0.00003937
  ],
  "UDS": [
    1.71,
    1.7
  ],
  "XPL": [
    0.093127,
    0.093594
  ],
  "BCAP": [
    22.99,
    22.99
  ],
  "TWT": [
    0.497558,
    0.499135
  ],
  "PENDLE": [
    1.25,
    1.25
  ],
  "AB": [
    0.00208096,
    0.00207731
  ],
  "AXS": [
    1.21,
    1.21
  ],
  "NUSD": [
    0.999485,
    0.999811
  ],
  "GRASS": [
    0.367641,
    0.372854
  ],
  "STRK": [
    0.03562901,
    0.03556582
  ],
  "BORG": [
    0.202871,
    0.203115
  ],
  "XCN": [
    0.00515916,
    0.00522679
  ],
  "REUSD": [
    1.068,
    1.068
  ],
  "USTBL": [
    1.078,
    1.078
  ],
  "NEO": [
    2.74,
    2.73
  ],
  "FARTCOIN": [
    0.192521,
    0.192247
  ],
  "PC0000031": [
    1,
    1
  ],
  "VSN": [
    0.052414,
    0.052543
  ],
  "9BIT": [
    0.02288536,
    0.02288419
  ],
  "REAL": [
    0.058717,
    0.058798
  ],
  "COMP": [
    18.85,
    18.9
  ],
  "WFI": [
    2.22,
    2.22
  ],
  "WAL": [
    0.079516,
    0.079959
  ],
  "FDIT": [
    1,
    1
  ],
  "WIF": [
    0.176524,
    0.177569
  ],
  "FLUID": [
    2.25,
    2.26
  ],
  "IUSD": [
    1,
    1.001
  ],
  "H": [
    0.094371,
    0.094887
  ],
  "MANA": [
    0.08848,
    0.088437
  ],
  "ZK": [
    0.01853804,
    0.01850057
  ],
  "THETA": [
    0.1701,
    0.169535
  ],
  "CVX": [
    1.81,
    1.83
  ],
  "S": [
    0.04395675,
    0.0441492
  ],
  "FF": [
    0.070912,
    0.070918
  ],
  "MX": [
    1.79,
    1.79
  ],
  "RAY": [
    0.607601,
    0.609509
  ],
  "KOGE": [
    47.99,
    47.99
  ]
}