{
  "FTN": [
    1.089,
    1.09
  ],
  "ETHFI": [
    0.567916,
    0.591543
  ],
  "A7A5": [
    0.01177467,
    0.01177417
  ],
  "VIRTUAL": [
    0.70398,
    0.70162
  ],
  "DCR": [
    26.22,
    26.35
  ],
  "CAKE": [
    1.4,
    1.39
  ],
  "STX": [
    0.245411,
    0.24513
  ],
  "PENGU": [
    0.00713484,
    0.00711257
  ],
  "XTZ": [
    0.403145,
    0.398961
  ],
  "RIVER": [
    22.2,
    21.77
  ],
  "SEI": [
    0.063514,
    0.063653
  ],
  "EURC": [
    1.16,
    1.16
  ],
  "JAAA": [
    1.027,
    1.027
  ],
  "DASH": [
    32.1,
    32.08
  ],
  "KITE": [
    0.217438,
    0.215876
  ],
  "FDUSD": [
    0.999571,
    0.99949
  ],
  "CHZ": [
    0.03609237,
    0.03623897
  ],
  "USX": [
    0.999631,
    0.999829
  ],
  "PRIME": [
    1.028,
    1.027
  ],
  "KAU": [
    147.36,
    147.4
  ],
  "CRV": [
    0.235556,
    0.234872
  ],
  "GNO": [
    130.94,
    130.85
  ],
  "SUN": [
    0.0176539,
    0.01772305
  ],
  "CFX": [
    0.06489,
    0.065177
  ],
  "BTT": [
    3.35942e-7,
    3.36471e-7
  ],
  "NFT": [
    3.32696e-7,
    3.34093e-7
  ],
  "USDAI": [
    0.999699,
    0.999882
  ],
  "ADI": [
    3.23,
    3.24
  ],
  "INJ": [
    3.09,
    3.08
  ],
  "KAIA": [
    0.051512,
    0.051213
  ],
  "TIA": [
    0.333778,
    0.333488
  ],
  "AERO": [
    0.321569,
    0.320142
  ],
  "BSV": [
    14.69,
    14.72
  ],
  "DEXE": [
    6.08,
    6.17
  ],
  "FLOKI": [
    0.00002973,
    0.00002975
  ],
  "SPX": [
    0.305227,
    0.304287
  ],
  "GRT": [
    0.02609382,
    0.02604696
  ],
  "JASMY": [
    0.00563471,
    0.00562965
  ],
  "SYRUP": [
    0.237839,
    0.23888
  ],
  "FRAX": [
    0.992312,
    0.992555
  ],
  "APEPE": [
    0.00000129,
    0.00000129
  ],
  "LIT": [
    1.066,
    1.072
  ],
  "IOTA": [
    0.061816,
    0.061551
  ],
  "2Z": [
    0.076409,
    0.076803
  ],
  "FO": [
    0.263872,
    0.263953
  ],
  "IP": [
    0.754288,
    0.745482
  ],
  "OP": [
    0.123895,
    0.122786
  ],
  "ZBCN": [
    0.0027068,
    0.00264848
  ],
  "CRVUSD": [
    0.998323,
    0.998069
  ],
  "OHM": [
    16.33,
    16.27
  ],
  "LDO": [
    0.298665,
    0.298367
  ],
  "PYTH": [
    0.04343255,
    0.04345893
  ],
  "VVV": [
    5.54,
    5.54
  ],
  "BTSE": [
    1.45,
    1.48
  ],
  "ENS": [
    6.25,
    6.24
  ],
  "MON": [
    0.02246102,
    0.021949
  ],
  "HNT": [
    1.27,
    1.27
  ],
  "TEL": [
    0.00245432,
    0.0024479
  ],
  "B": [
    0.222025,
    0.22168
  ],
  "SAND": [
    0.081947,
    0.081512
  ],
  "USDA": [
    0.984014,
    0.984014
  ],
  "AUSD": [
    0.999779,
    0.999994
  ],
  "XPL": [
    0.094383,
    0.095666
  ],
  "LUNC": [
    0.00003952,
    0.00003929
  ],
  "TWT": [
    0.502602,
    0.512696
  ],
  "PENDLE": [
    1.27,
    1.27
  ],
  "BCAP": [
    22.99,
    22.99
  ],
  "UDS": [
    1.7,
    1.68
  ],
  "GRASS": [
    0.36875,
    0.381886
  ],
  "AB": [
    0.00207911,
    0.00205999
  ],
  "AXS": [
    1.21,
    1.2
  ],
  "STRK": [
    0.03559578,
    0.03578402
  ],
  "NUSD": [
    0.999353,
    1
  ],
  "BORG": [
    0.202044,
    0.203073
  ],
  "FARTCOIN": [
    0.19793,
    0.195368
  ],
  "REUSD": [
    1.068,
    1.068
  ],
  "XCN": [
    0.00522367,
    0.00520629
  ],
  "USTBL": [
    1.078,
    1.078
  ],
  "NEO": [
    2.75,
    2.71
  ],
  "PC0000031": [
    1,
    1
  ],
  "VSN": [
    0.052739,
    0.052647
  ],
  "REAL": [
    0.059387,
    0.059602
  ],
  "9BIT": [
    0.02289042,
    0.02288676
  ],
  "COMP": [
    19.03,
    19.37
  ],
  "FLUID": [
    2.27,
    2.33
  ],
  "WFI": [
    2.23,
    2.22
  ],
  "WAL": [
    0.08044,
    0.080278
  ],
  "WIF": [
    0.178752,
    0.178708
  ],
  "FDIT": [
    1,
    1
  ],
  "IUSD": [
    0.999662,
    0.999588
  ],
  "H": [
    0.09551,
    0.095054
  ],
  "MANA": [
    0.089104,
    0.088753
  ],
  "THETA": [
    0.171373,
    0.170758
  ],
  "ZK": [
    0.0187237,
    0.01845315
  ],
  "CVX": [
    1.86,
    1.85
  ],
  "S": [
    0.04454838,
    0.04454076
  ],
  "RAY": [
    0.615493,
    0.618454
  ],
  "FF": [
    0.070957,
    0.071
  ],
  "MX": [
    1.79,
    1.79
  ],
  "KOGE": [
    47.99,
    48
  ]
}