{
  "TUSD": [
    0.999066,
    0.999468
  ],
  "FTN": [
    1.088,
    1.089
  ],
  "A7A5": [
    0.01200794,
    0.01200847
  ],
  "ETHFI": [
    0.594935,
    0.584998
  ],
  "CAKE": [
    1.37,
    1.36
  ],
  "VIRTUAL": [
    0.691202,
    0.673268
  ],
  "STX": [
    0.244685,
    0.238674
  ],
  "PENGU": [
    0.00703088,
    0.00683005
  ],
  "EURC": [
    1.16,
    1.16
  ],
  "DCR": [
    24.7,
    24.47
  ],
  "XTZ": [
    0.395534,
    0.389947
  ],
  "JAAA": [
    1.027,
    1.027
  ],
  "SEI": [
    0.062799,
    0.061964
  ],
  "DASH": [
    32.28,
    31.48
  ],
  "FDUSD": [
    0.998523,
    1.001
  ],
  "KITE": [
    0.21416,
    0.213766
  ],
  "CHZ": [
    0.03595476,
    0.03513128
  ],
  "USX": [
    0.999748,
    0.999769
  ],
  "KAU": [
    148.77,
    148.51
  ],
  "PRIME": [
    1.028,
    1.025
  ],
  "SUN": [
    0.01785267,
    0.01787289
  ],
  "CRV": [
    0.23272,
    0.227894
  ],
  "GNO": [
    129.46,
    127.52
  ],
  "USDAI": [
    1,
    1
  ],
  "BTT": [
    3.35776e-7,
    3.35233e-7
  ],
  "NFT": [
    3.34335e-7,
    3.33842e-7
  ],
  "CFX": [
    0.063187,
    0.061963
  ],
  "ADI": [
    3.24,
    3.24
  ],
  "DEXE": [
    6.54,
    6.58
  ],
  "INJ": [
    3.12,
    3.04
  ],
  "KAIA": [
    0.051319,
    0.050759
  ],
  "TIA": [
    0.330542,
    0.322273
  ],
  "AERO": [
    0.318206,
    0.311676
  ],
  "BSV": [
    14.49,
    14.19
  ],
  "FLOKI": [
    0.00002976,
    0.00002901
  ],
  "GRT": [
    0.02588695,
    0.02543905
  ],
  "FRAX": [
    0.989785,
    0.990618
  ],
  "SYRUP": [
    0.238461,
    0.235105
  ],
  "SPX": [
    0.301423,
    0.291924
  ],
  "APEPE": [
    0.00000129,
    0.00000129
  ],
  "JASMY": [
    0.00558707,
    0.00544433
  ],
  "VVV": [
    6.06,
    5.97
  ],
  "FO": [
    0.264207,
    0.264387
  ],
  "LIT": [
    1.063,
    1.048
  ],
  "IOTA": [
    0.061088,
    0.059953
  ],
  "CRVUSD": [
    0.997418,
    0.997582
  ],
  "2Z": [
    0.074918,
    0.07373
  ],
  "IP": [
    0.747205,
    0.731361
  ],
  "OP": [
    0.121286,
    0.118027
  ],
  "ZBCN": [
    0.00257289,
    0.00251823
  ],
  "LDO": [
    0.29624,
    0.289635
  ],
  "OHM": [
    15.87,
    15.7
  ],
  "PYTH": [
    0.04283871,
    0.04186972
  ],
  "BTSE": [
    1.48,
    1.48
  ],
  "MON": [
    0.02174351,
    0.02138355
  ],
  "ENS": [
    6.15,
    6.01
  ],
  "TEL": [
    0.00243575,
    0.002404
  ],
  "HNT": [
    1.24,
    1.22
  ],
  "USDA": [
    0.984014,
    0.984014
  ],
  "B": [
    0.217251,
    0.217195
  ],
  "AUSD": [
    1,
    0.99999
  ],
  "LUNC": [
    0.00003967,
    0.00003907
  ],
  "STRK": [
    0.03788593,
    0.03731611
  ],
  "SAND": [
    0.08079,
    0.079134
  ],
  "BCAP": [
    22.99,
    22.99
  ],
  "XPL": [
    0.095957,
    0.092758
  ],
  "TWT": [
    0.501405,
    0.493673
  ],
  "AB": [
    0.00205565,
    0.00205253
  ],
  "PENDLE": [
    1.24,
    1.21
  ],
  "NUSD": [
    0.9955,
    0.999307
  ],
  "GRASS": [
    0.372932,
    0.370394
  ],
  "9BIT": [
    0.0241632,
    0.02415183
  ],
  "XCN": [
    0.00526726,
    0.00522588
  ],
  "AXS": [
    1.19,
    1.16
  ],
  "REUSD": [
    1.067,
    1.068
  ],
  "USTBL": [
    1.078,
    1.078
  ],
  "BORG": [
    0.19991,
    0.197023
  ],
  "UDS": [
    1.53,
    1.53
  ],
  "PC0000031": [
    1,
    1
  ],
  "VSN": [
    0.052582,
    0.05245
  ],
  "FARTCOIN": [
    0.192435,
    0.186497
  ],
  "NEO": [
    2.68,
    2.63
  ],
  "REAL": [
    0.059601,
    0.05817
  ],
  "COMP": [
    19.17,
    18.92
  ],
  "FLUID": [
    2.31,
    2.27
  ],
  "IUSD": [
    0.998488,
    0.999377
  ],
  "FDIT": [
    1,
    1
  ],
  "WIF": [
    0.180687,
    0.174669
  ],
  "WAL": [
    0.079814,
    0.07812
  ],
  "WFI": [
    2.16,
    2.14
  ],
  "H": [
    0.094897,
    0.093302
  ],
  "ZK": [
    0.01862653,
    0.01820107
  ],
  "CVX": [
    1.83,
    1.8
  ],
  "FF": [
    0.070628,
    0.070569
  ],
  "S": [
    0.04446119,
    0.04330125
  ],
  "MX": [
    1.79,
    1.79
  ],
  "MANA": [
    0.086937,
    0.084963
  ],
  "THETA": [
    0.167301,
    0.163431
  ],
  "RAY": [
    0.619205,
    0.602027
  ],
  "KOGE": [
    47.99,
    47.99
  ]
}