{
  "USDT": [
    0.999808,
    0.999817,
    0.999817
  ],
  "BTC": [
    68664,
    68669,
    68669
  ],
  "ETH": [
    2078.51,
    2079.43,
    2079.43
  ],
  "USDC": [
    0.999943,
    0.999967,
    0.999967
  ],
  "SOL": [
    87.08,
    87.09,
    87.09
  ],
  "XRP": [
    1.4,
    1.4,
    1.4
  ],
  "USD1": [
    0.999422,
    0.999633,
    0.999633
  ],
  "DOGE": [
    0.090959,
    0.090939,
    0.090939
  ],
  "BNB": [
    629.56,
    629.76,
    629.76
  ],
  "TRX": [
    0.309123,
    0.309016,
    0.309016
  ],
  "NIGHT": [
    0.04313177,
    0.0431053,
    0.0431053
  ],
  "ADA": [
    0.255541,
    0.255543,
    0.255543
  ],
  "SUI": [
    0.923186,
    0.922636,
    0.922636
  ],
  "FIGR_HELOC": [
    1,
    1,
    1
  ],
  "LINK": [
    8.8,
    8.79,
    8.79
  ],
  "TAO": [
    270.46,
    270.68,
    270.68
  ],
  "LTC": [
    54.18,
    54.18,
    54.18
  ],
  "ZEC": [
    218.54,
    218.39,
    218.39
  ],
  "QUQ": [
    0.00209763,
    0.00209763,
    0.00209763
  ],
  "PEPE": [
    0.0000033,
    0.0000033,
    0.0000033
  ],
  "HYPE": [
    38.09,
    38.04,
    38.04
  ],
  "AAVE": [
    107.57,
    107.58,
    107.58
  ],
  "AVAX": [
    9.12,
    9.12,
    9.12
  ],
  "ASTER": [
    0.668499,
    0.668406,
    0.668406
  ],
  "XAUT": [
    4491.66,
    4491,
    4491
  ],
  "WLD": [
    0.314213,
    0.31424,
    0.31424
  ],
  "BCH": [
    465.5,
    465.74,
    465.74
  ],
  "UNI": [
    3.47,
    3.47,
    3.47
  ],
  "DAI": [
    0.999975,
    0.999987,
    0.999987
  ],
  "FIL": [
    0.873969,
    0.87399,
    0.87399
  ],
  "DOT": [
    1.45,
    1.45,
    1.45
  ],
  "KOGE": [
    47.99,
    47.99,
    47.99
  ],
  "USAD": [
    1.001,
    1.001,
    1.001
  ],
  "TRUMP": [
    3.17,
    3.17,
    3.17
  ],
  "NEAR": [
    1.29,
    1.29,
    1.29
  ],
  "SHIB": [
    0.00000577,
    0.00000576,
    0.00000576
  ],
  "PAXG": [
    4504.35,
    4504.31,
    4504.31
  ],
  "WMTX": [
    0.089672,
    0.089682,
    0.089682
  ],
  "RUSD": [
    0.999885,
    1,
    1
  ],
  "FET": [
    0.219644,
    0.219416,
    0.219416
  ],
  "TON": [
    1.25,
    1.25,
    1.25
  ],
  "APT": [
    0.953728,
    0.953403,
    0.953403
  ],
  "WLFI": [
    0.095645,
    0.095658,
    0.095658
  ],
  "WIF": [
    0.171223,
    0.171343,
    0.171343
  ],
  "ETHFI": [
    0.572125,
    0.572286,
    0.572286
  ],
  "ANKR": [
    0.005615,
    0.00561671,
    0.00561671
  ],
  "ENA": [
    0.097895,
    0.097877,
    0.097877
  ],
  "XLM": [
    0.159476,
    0.159409,
    0.159409
  ],
  "PENGU": [
    0.00675866,
    0.00675427,
    0.00675427
  ],
  "SUN": [
    0.01790246,
    0.01790246
  ],
  "TURBO": [
    0.00107849,
    0.00107742,
    0.00107742
  ],
  "XMR": [
    341.28,
    341.33,
    341.33
  ],
  "HBAR": [
    0.09028,
    0.090266,
    0.090266
  ],
  "SAHARA": [
    0.0282785,
    0.02831198,
    0.02831198
  ],
  "ANIME": [
    0.00504949,
    0.00504862,
    0.00504862
  ],
  "DOLA": [
    0.992125,
    0.992051,
    0.992051
  ],
  "DASH": [
    31.15,
    31.14,
    31.14
  ],
  "RDNT": [
    0.00553685,
    0.00554284,
    0.00554284
  ],
  "LGNS": [
    6.2,
    6.16,
    6.16
  ],
  "AKT": [
    0.591592,
    0.59377,
    0.59377
  ],
  "KAT": [
    0.01115039,
    0.01117033,
    0.01117033
  ],
  "KITE": [
    0.217871,
    0.21815,
    0.21815
  ],
  "USDE": [
    0.999669,
    0.999772,
    0.999772
  ],
  "REUR": [
    1.16,
    1.16,
    1.16
  ],
  "PYUSD": [
    0.999797,
    1,
    1
  ],
  "XPL": [
    0.09331,
    0.093214,
    0.093214
  ],
  "PUMP": [
    0.00180601,
    0.00180515,
    0.00180515
  ],
  "ORDER": [
    0.062925,
    0.062987,
    0.062987
  ],
  "FF": [
    0.070729,
    0.070728,
    0.070728
  ],
  "BARD": [
    0.477732,
    0.477195,
    0.477195
  ],
  "ARB": [
    0.094444,
    0.094342,
    0.094342
  ],
  "STRK": [
    0.03702052,
    0.03702582,
    0.03702582
  ],
  "VIRTUAL": [
    0.663611,
    0.663817,
    0.663817
  ],
  "ATH": [
    0.00778237,
    0.00777688,
    0.00777688
  ],
  "AUSD": [
    0.99993,
    0.99987,
    0.99987
  ],
  "OP": [
    0.116472,
    0.116324,
    0.116324
  ],
  "POL": [
    0.093672,
    0.093632,
    0.093632
  ],
  "RLUSD": [
    1,
    1,
    1
  ],
  "SIGN": [
    0.050893,
    0.050824,
    0.050824
  ],
  "ICP": [
    2.4,
    2.4,
    2.4
  ],
  "LA": [
    0.212058,
    0.212154,
    0.212154
  ],
  "IMX": [
    0.165043,
    0.165057,
    0.165057
  ],
  "RENDER": [
    1.64,
    1.64,
    1.64
  ],
  "ZRO": [
    1.94,
    1.95,
    1.95
  ],
  "RESOLV": [
    0.053173,
    0.05293,
    0.05293
  ],
  "MGO": [
    0.02030305,
    0.02030299,
    0.02030299
  ],
  "INJ": [
    2.97,
    2.98,
    2.98
  ],
  "IP": [
    0.700302,
    0.699604,
    0.699604
  ],
  "BONK": [
    0.00000575,
    0.00000575,
    0.00000575
  ],
  "WBT": [
    54.1,
    54.1,
    54.1
  ],
  "HUMA": [
    0.01500345,
    0.0150088,
    0.0150088
  ],
  "FDUSD": [
    0.999029,
    1,
    1
  ],
  "ONDO": [
    0.249712,
    0.249685,
    0.249685
  ],
  "ETC": [
    8.12,
    8.12,
    8.12
  ],
  "FARTCOIN": [
    0.186047,
    0.18604,
    0.18604
  ],
  "SIREN": [
    1.48,
    1.48,
    1.48
  ],
  "JST": [
    0.060781,
    0.060773,
    0.060773
  ],
  "BSB": [
    0.083464,
    0.083529,
    0.083529
  ],
  "MNT": [
    0.734285,
    0.734182,
    0.734182
  ],
  "PI": [
    0.188729,
    0.18843,
    0.18843
  ]
}