{
  "TUSD": [
    0.999379,
    0.999062
  ],
  "ETHFI": [
    0.597133,
    0.600662
  ],
  "FTN": [
    1.088,
    1.089
  ],
  "A7A5": [
    0.01200057,
    0.01200033
  ],
  "VIRTUAL": [
    0.698695,
    0.698351
  ],
  "CAKE": [
    1.37,
    1.37
  ],
  "STX": [
    0.246736,
    0.246547
  ],
  "PENGU": [
    0.00713307,
    0.00712481
  ],
  "DCR": [
    25.51,
    25.32
  ],
  "XTZ": [
    0.396486,
    0.396693
  ],
  "EURC": [
    1.16,
    1.16
  ],
  "SEI": [
    0.063078,
    0.062907
  ],
  "JAAA": [
    1.027,
    1.027
  ],
  "DASH": [
    32.8,
    32.73
  ],
  "KITE": [
    0.217293,
    0.216335
  ],
  "FDUSD": [
    0.999314,
    0.9993
  ],
  "CHZ": [
    0.03600016,
    0.03604899
  ],
  "USX": [
    0.999917,
    0.999838
  ],
  "KAU": [
    149.28,
    149.23
  ],
  "PRIME": [
    1.028,
    1.029
  ],
  "CRV": [
    0.23483,
    0.234543
  ],
  "GNO": [
    129.99,
    129.78
  ],
  "SUN": [
    0.0178623,
    0.01779686
  ],
  "USDAI": [
    0.999897,
    0.999888
  ],
  "BTT": [
    3.36814e-7,
    3.36599e-7
  ],
  "NFT": [
    3.33795e-7,
    3.33739e-7
  ],
  "CFX": [
    0.064115,
    0.063611
  ],
  "DEXE": [
    6.72,
    6.93
  ],
  "ADI": [
    3.23,
    3.23
  ],
  "INJ": [
    3.11,
    3.12
  ],
  "KAIA": [
    0.051408,
    0.051304
  ],
  "TIA": [
    0.334643,
    0.33285
  ],
  "AERO": [
    0.321533,
    0.320678
  ],
  "BSV": [
    14.58,
    14.57
  ],
  "FLOKI": [
    0.00002998,
    0.00003004
  ],
  "SPX": [
    0.305315,
    0.304706
  ],
  "GRT": [
    0.02605767,
    0.02605541
  ],
  "JASMY": [
    0.00567159,
    0.0056576
  ],
  "VVV": [
    6.17,
    6.16
  ],
  "SYRUP": [
    0.23822,
    0.238535
  ],
  "FRAX": [
    0.990754,
    0.990653
  ],
  "APEPE": [
    0.00000129,
    0.00000129
  ],
  "LIT": [
    1.088,
    1.077
  ],
  "IOTA": [
    0.061386,
    0.061321
  ],
  "IP": [
    0.7478,
    0.751582
  ],
  "FO": [
    0.26401,
    0.264023
  ],
  "2Z": [
    0.075501,
    0.075409
  ],
  "OP": [
    0.122666,
    0.12241
  ],
  "CRVUSD": [
    0.998794,
    0.999283
  ],
  "LDO": [
    0.298276,
    0.298056
  ],
  "ZBCN": [
    0.00258401,
    0.00254752
  ],
  "OHM": [
    15.82,
    15.9
  ],
  "PYTH": [
    0.04331801,
    0.04324182
  ],
  "BTSE": [
    1.47,
    1.47
  ],
  "ENS": [
    6.21,
    6.2
  ],
  "MON": [
    0.0219482,
    0.02183683
  ],
  "TEL": [
    0.00244821,
    0.00244342
  ],
  "HNT": [
    1.24,
    1.25
  ],
  "B": [
    0.220442,
    0.219965
  ],
  "LUNC": [
    0.00003997,
    0.00003982
  ],
  "USDA": [
    0.984014,
    0.984014
  ],
  "XPL": [
    0.097142,
    0.096525
  ],
  "SAND": [
    0.08141,
    0.081193
  ],
  "STRK": [
    0.0388676,
    0.03828419
  ],
  "AUSD": [
    0.99992,
    0.999908
  ],
  "TWT": [
    0.515986,
    0.509115
  ],
  "BCAP": [
    22.99,
    22.99
  ],
  "PENDLE": [
    1.25,
    1.25
  ],
  "GRASS": [
    0.377869,
    0.375498
  ],
  "AB": [
    0.0020501,
    0.00205093
  ],
  "AXS": [
    1.2,
    1.19
  ],
  "NUSD": [
    0.998908,
    0.999505
  ],
  "9BIT": [
    0.02416983,
    0.02414893
  ],
  "FARTCOIN": [
    0.198128,
    0.197358
  ],
  "BORG": [
    0.20083,
    0.200757
  ],
  "XCN": [
    0.0052423,
    0.00524507
  ],
  "REUSD": [
    1.067,
    1.068
  ],
  "USTBL": [
    1.078,
    1.078
  ],
  "UDS": [
    1.54,
    1.53
  ],
  "PC0000031": [
    1,
    1
  ],
  "VSN": [
    0.052628,
    0.052578
  ],
  "NEO": [
    2.68,
    2.68
  ],
  "REAL": [
    0.059899,
    0.059725
  ],
  "COMP": [
    19.31,
    19.28
  ],
  "FLUID": [
    2.34,
    2.33
  ],
  "WIF": [
    0.181365,
    0.18213
  ],
  "WAL": [
    0.080127,
    0.07997
  ],
  "IUSD": [
    0.999079,
    0.999276
  ],
  "WFI": [
    2.16,
    2.16
  ],
  "FDIT": [
    1,
    1
  ],
  "H": [
    0.095241,
    0.094912
  ],
  "ZK": [
    0.01873619,
    0.01873512
  ],
  "MANA": [
    0.088038,
    0.087788
  ],
  "S": [
    0.04485972,
    0.04484425
  ],
  "CVX": [
    1.85,
    1.85
  ],
  "THETA": [
    0.169562,
    0.16873
  ],
  "RAY": [
    0.622164,
    0.621639
  ],
  "FF": [
    0.070831,
    0.07078
  ],
  "MX": [
    1.79,
    1.79
  ],
  "AKT": [
    0.626609
  ]
}