{
  "FTN": [
    1.089,
    1.089
  ],
  "CAKE": [
    1.43,
    1.41
  ],
  "FET": [
    0.20454
  ],
  "VIRTUAL": [
    0.726312,
    0.701519
  ],
  "A7A5": [
    0.01185586,
    0.01169664
  ],
  "DCR": [
    26.74,
    26.41
  ],
  "STX": [
    0.249336,
    0.24402
  ],
  "PENGU": [
    0.0073518,
    0.00702884
  ],
  "EURC": [
    1.15,
    1.15
  ],
  "SEI": [
    0.064685,
    0.063277
  ],
  "JAAA": [
    1.027,
    1.027
  ],
  "ETHFI": [
    0.541596,
    0.530171
  ],
  "XTZ": [
    0.388137,
    0.384545
  ],
  "DASH": [
    32.31,
    31.54
  ],
  "FDUSD": [
    0.998243,
    0.999837
  ],
  "CHZ": [
    0.03572946,
    0.03556408
  ],
  "USX": [
    0.999896,
    0.999722
  ],
  "KAU": [
    156.61,
    148.27
  ],
  "KITE": [
    0.191804,
    0.194217
  ],
  "CRV": [
    0.238607,
    0.233181
  ],
  "GNO": [
    134.16,
    131.22
  ],
  "PRIME": [
    1.028,
    1.027
  ],
  "SUN": [
    0.016796,
    0.01746408
  ],
  "BTT": [
    3.40504e-7,
    3.33658e-7
  ],
  "NFT": [
    3.32828e-7,
    3.31937e-7
  ],
  "USDAI": [
    0.999685,
    0.999628
  ],
  "CFX": [
    0.061219,
    0.061283
  ],
  "ADI": [
    3.12,
    3.26
  ],
  "KAIA": [
    0.052928,
    0.05142
  ],
  "TIA": [
    0.344678,
    0.336337
  ],
  "INJ": [
    3.05,
    2.98
  ],
  "AERO": [
    0.325704,
    0.321608
  ],
  "DEXE": [
    5.52,
    6.22
  ],
  "BSV": [
    15.07,
    14.49
  ],
  "LIT": [
    1.23,
    1.14
  ],
  "FLOKI": [
    0.00002962,
    0.0000292
  ],
  "SPX": [
    0.310588,
    0.301193
  ],
  "JASMY": [
    0.00580067,
    0.0056617
  ],
  "SYRUP": [
    0.239443,
    0.241279
  ],
  "GRT": [
    0.02643518,
    0.02582669
  ],
  "FRAX": [
    0.993847,
    0.992663
  ],
  "IP": [
    0.787316,
    0.774776
  ],
  "IOTA": [
    0.063251,
    0.061807
  ],
  "APEPE": [
    0.00000129,
    0.00000128
  ],
  "2Z": [
    0.078049,
    0.076905
  ],
  "FO": [
    0.263769,
    0.263258
  ],
  "BTSE": [
    1.6,
    1.61
  ],
  "CRVUSD": [
    1.003,
    1.007
  ],
  "OHM": [
    16.75,
    16.61
  ],
  "PYTH": [
    0.04683908,
    0.04462353
  ],
  "OP": [
    0.125398,
    0.120394
  ],
  "LDO": [
    0.299841,
    0.295393
  ],
  "B": [
    0.237422,
    0.240583
  ],
  "HNT": [
    1.23,
    1.3
  ],
  "ENS": [
    6.21,
    6.22
  ],
  "MON": [
    0.02272843,
    0.02203355
  ],
  "VVV": [
    5.39,
    5.28
  ],
  "TEL": [
    0.0025011,
    0.00246937
  ],
  "XPL": [
    0.10689,
    0.100689
  ],
  "UDS": [
    1.86,
    1.81
  ],
  "LUNC": [
    0.00004093,
    0.00003998
  ],
  "SAND": [
    0.082663,
    0.081498
  ],
  "USDA": [
    0.984161,
    0.984014
  ],
  "AUSD": [
    0.9999,
    0.999934
  ],
  "TWT": [
    0.513493,
    0.514423
  ],
  "BCAP": [
    22.99,
    22.99
  ],
  "AB": [
    0.00212643,
    0.00209806
  ],
  "STRK": [
    0.03727322,
    0.03663039
  ],
  "PENDLE": [
    1.25,
    1.25
  ],
  "NUSD": [
    1.004,
    1
  ],
  "ZBCN": [
    0.00205566,
    0.00208535
  ],
  "GRASS": [
    0.392139,
    0.375497
  ],
  "9BIT": [
    0.02537868,
    0.0247308
  ],
  "XCN": [
    0.00554277,
    0.0053601
  ],
  "BORG": [
    0.207647,
    0.20307
  ],
  "AXS": [
    1.19,
    1.17
  ],
  "USTBL": [
    1.077,
    1.077
  ],
  "REUSD": [
    1.068,
    1.067
  ],
  "NEO": [
    2.67,
    2.72
  ],
  "FARTCOIN": [
    0.198755,
    0.191161
  ],
  "VSN": [
    0.053618,
    0.052703
  ],
  "PC0000031": [
    1,
    1
  ],
  "REAL": [
    0.059094,
    0.058401
  ],
  "WFI": [
    2.32,
    2.23
  ],
  "COMP": [
    18.68,
    18.49
  ],
  "FDIT": [
    1,
    1
  ],
  "H": [
    0.101699,
    0.097513
  ],
  "WAL": [
    0.080456,
    0.078955
  ],
  "IUSD": [
    1.002,
    1.001
  ],
  "ZK": [
    0.01952609,
    0.01899951
  ],
  "THETA": [
    0.176764,
    0.172838
  ],
  "MANA": [
    0.091037,
    0.089449
  ],
  "WIF": [
    0.176137,
    0.1726
  ],
  "FLUID": [
    2.22,
    2.19
  ],
  "S": [
    0.04493215,
    0.04398882
  ],
  "FF": [
    0.072354,
    0.070468
  ],
  "MX": [
    1.79,
    1.79
  ],
  "RAY": [
    0.608869,
    0.610137
  ],
  "KOGE": [
    48
  ],
  "FT": [
    0.096658
  ]
}