{
  "BTC": [
    71145,
    71213
  ],
  "ETH": [
    2182.99,
    2184.51
  ],
  "USDT": [
    1,
    1
  ],
  "XRP": [
    1.45,
    1.45
  ],
  "BNB": [
    647.96,
    648.08
  ],
  "USDC": [
    0.999947,
    0.999925
  ],
  "SOL": [
    89.71,
    89.65
  ],
  "TRX": [
    0.302888,
    0.302669
  ],
  "FIGR_HELOC": [
    1.03,
    1.028
  ],
  "DOGE": [
    0.094644,
    0.09457
  ],
  "WBT": [
    56.94,
    56.62
  ],
  "USDS": [
    0.99992,
    0.999867
  ],
  "HYPE": [
    42.74,
    42.6
  ],
  "ADA": [
    0.272466,
    0.27211
  ],
  "BCH": [
    453.08,
    452.78
  ],
  "LEO": [
    9.06,
    9.06
  ],
  "LINK": [
    9.2,
    9.19
  ],
  "XMR": [
    346.25,
    346.97
  ],
  "USDE": [
    0.999406,
    0.999409
  ],
  "XLM": [
    0.1686,
    0.168373
  ],
  "CC": [
    0.145511,
    0.145449
  ],
  "USD1": [
    0.999227,
    0.999141
  ],
  "DAI": [
    0.999724,
    0.999853
  ],
  "LTC": [
    55.85,
    55.79
  ],
  "RAIN": [
    0.00891162,
    0.00891672
  ],
  "AVAX": [
    9.62,
    9.61
  ],
  "HBAR": [
    0.095739,
    0.09562
  ],
  "ZEC": [
    248.2,
    248.04
  ],
  "PYUSD": [
    0.999307,
    1
  ],
  "SUI": [
    0.977655,
    0.976651
  ],
  "SHIB": [
    0.00000577,
    0.00000577
  ],
  "CRO": [
    0.076023,
    0.076054
  ],
  "M": [
    1.83,
    1.82
  ],
  "TON": [
    1.29,
    1.29
  ],
  "XAUT": [
    4845.04,
    4836.45
  ],
  "WLFI": [
    0.097677,
    0.097524
  ],
  "DOT": [
    1.56,
    1.56
  ],
  "MNT": [
    0.789079,
    0.787682
  ],
  "TAO": [
    268.53,
    268.73
  ],
  "PAXG": [
    4857.4,
    4849.42
  ],
  "USYC": [
    1.12,
    1.12
  ],
  "UNI": [
    3.64,
    3.63
  ],
  "BUIDL": [
    1,
    1
  ],
  "OKB": [
    91.2,
    91.19
  ],
  "NEAR": [
    1.39,
    1.39
  ],
  "USDG": [
    0.999874,
    0.999916
  ],
  "USDF": [
    0.997589,
    0.998178
  ],
  "AAVE": [
    114.09,
    113.85
  ],
  "ASTER": [
    0.692421,
    0.689994
  ],
  "PI": [
    0.172421,
    0.172576
  ],
  "SKY": [
    0.072801,
    0.072591
  ],
  "HTX": [
    0.00000167,
    0.00000167
  ],
  "RLUSD": [
    1,
    0.999728
  ],
  "BGB": [
    2.14,
    2.14
  ],
  "PEPE": [
    0.0000035,
    0.00000349
  ],
  "ICP": [
    2.57,
    2.57
  ],
  "BFUSD": [
    0.9993,
    0.9994
  ],
  "ETC": [
    8.44,
    8.42
  ],
  "USDY": [
    1.12,
    1.12
  ],
  "ONDO": [
    0.264666,
    0.264818
  ],
  "PUMP": [
    0.00195124,
    0.00194846
  ],
  "GT": [
    6.95,
    6.95
  ],
  "USTB": [
    11.02,
    11.02
  ],
  "WLD": [
    0.36326,
    0.363269
  ],
  "KCS": [
    8.05,
    7.96
  ],
  "POL": [
    0.096881,
    0.096742
  ],
  "KAS": [
    0.038426,
    0.03831984
  ],
  "QNT": [
    70.21,
    70.12
  ],
  "EUTBL": [
    1.2,
    1.2
  ],
  "MORPHO": [
    1.78,
    1.77
  ],
  "ATOM": [
    1.89,
    1.88
  ],
  "ENA": [
    0.108471,
    0.108219
  ],
  "RENDER": [
    1.74,
    1.73
  ],
  "NEXO": [
    0.894515,
    0.892576
  ],
  "JTRSY": [
    1.098,
    1.098
  ],
  "USDTB": [
    0.998536,
    1.002
  ],
  "TRUMP": [
    3.51,
    3.51
  ],
  "ALGO": [
    0.090361,
    0.090107
  ],
  "NIGHT": [
    0.04740321,
    0.047477
  ],
  "APT": [
    0.953919,
    0.950844
  ],
  "USDD": [
    0.998245,
    0.999035
  ],
  "OUSG": [
    114.62,
    114.62
  ],
  "FLR": [
    0.00840876,
    0.00840224
  ],
  "FIL": [
    0.919287,
    0.918387
  ],
  "HASH": [
    0.01238874,
    0.01233729
  ],
  "SIREN": [
    0.889619,
    0.89206
  ],
  "XDC": [
    0.03215,
    0.03210379
  ],
  "VET": [
    0.00724015,
    0.0072446
  ],
  "ARB": [
    0.101854,
    0.101856
  ],
  "BDX": [
    0.080271,
    0.080334
  ],
  "GHO": [
    0.999869,
    0.999867
  ],
  "YLDS": [
    0.999926,
    0.999928
  ],
  "JUP": [
    0.163148,
    0.162637
  ],
  "USD0": [
    0.99604,
    0.99617
  ],
  "STABLE": [
    0.02628147,
    0.02631933
  ],
  "BONK": [
    0.00000612,
    0.00000612
  ],
  "JST": [
    0.057711,
    0.057662
  ],
  "FET": [
    0.220958,
    0.221023
  ],
  "TUSD": [
    0.999204,
    0.999548
  ],
  "RIVER": [
    24.86,
    24.89
  ]
}