{
  "TUSD": [
    0.999129,
    0.99913
  ],
  "ETHFI": [
    0.601137,
    0.60089
  ],
  "FTN": [
    1.089,
    1.089
  ],
  "A7A5": [
    0.01200049,
    0.01200127
  ],
  "VIRTUAL": [
    0.697095,
    0.696629
  ],
  "CAKE": [
    1.37,
    1.37
  ],
  "STX": [
    0.246529,
    0.24495
  ],
  "PENGU": [
    0.00710075,
    0.00707703
  ],
  "DCR": [
    25.17,
    24.96
  ],
  "XTZ": [
    0.396185,
    0.397654
  ],
  "EURC": [
    1.16,
    1.16
  ],
  "SEI": [
    0.06291,
    0.062846
  ],
  "JAAA": [
    1.027,
    1.027
  ],
  "DASH": [
    32.59,
    32.54
  ],
  "KITE": [
    0.215537,
    0.216183
  ],
  "FDUSD": [
    0.999297,
    0.99917
  ],
  "CHZ": [
    0.03604536,
    0.03594985
  ],
  "USX": [
    0.99973,
    0.999701
  ],
  "KAU": [
    149.22,
    149.23
  ],
  "PRIME": [
    1.028,
    1.029
  ],
  "CRV": [
    0.234007,
    0.233646
  ],
  "SUN": [
    0.01786291,
    0.01780488
  ],
  "GNO": [
    129.8,
    129.51
  ],
  "USDAI": [
    0.999889,
    0.999925
  ],
  "BTT": [
    3.36562e-7,
    3.36381e-7
  ],
  "NFT": [
    3.33721e-7,
    3.33766e-7
  ],
  "CFX": [
    0.063421,
    0.063554
  ],
  "ADI": [
    3.23,
    3.23
  ],
  "DEXE": [
    6.96,
    6.73
  ],
  "INJ": [
    3.11,
    3.11
  ],
  "KAIA": [
    0.051323,
    0.051216
  ],
  "TIA": [
    0.33214,
    0.331372
  ],
  "AERO": [
    0.320825,
    0.320483
  ],
  "BSV": [
    14.52,
    14.54
  ],
  "FLOKI": [
    0.00002991,
    0.00002991
  ],
  "SPX": [
    0.304181,
    0.303671
  ],
  "GRT": [
    0.02601526,
    0.02593898
  ],
  "JASMY": [
    0.00564931,
    0.0056266
  ],
  "SYRUP": [
    0.238688,
    0.239136
  ],
  "FRAX": [
    0.990399,
    0.991514
  ],
  "VVV": [
    6.18,
    6.09
  ],
  "APEPE": [
    0.00000129,
    0.00000129
  ],
  "LIT": [
    1.077,
    1.07
  ],
  "IOTA": [
    0.061277,
    0.061172
  ],
  "IP": [
    0.753014,
    0.753943
  ],
  "FO": [
    0.264006,
    0.264174
  ],
  "2Z": [
    0.075437,
    0.075213
  ],
  "CRVUSD": [
    0.998743,
    0.998299
  ],
  "OP": [
    0.122203,
    0.121581
  ],
  "ZBCN": [
    0.00260241,
    0.00262229
  ],
  "LDO": [
    0.297632,
    0.297021
  ],
  "PYTH": [
    0.0430892,
    0.04300845
  ],
  "OHM": [
    15.9,
    15.8
  ],
  "BTSE": [
    1.47,
    1.48
  ],
  "ENS": [
    6.19,
    6.18
  ],
  "MON": [
    0.02185095,
    0.02184363
  ],
  "TEL": [
    0.00244238,
    0.00244349
  ],
  "HNT": [
    1.25,
    1.24
  ],
  "USDA": [
    0.984014,
    0.984014
  ],
  "XPL": [
    0.096577,
    0.096759
  ],
  "B": [
    0.220293,
    0.216812
  ],
  "LUNC": [
    0.00003981,
    0.00003965
  ],
  "AUSD": [
    0.999866,
    0.999885
  ],
  "SAND": [
    0.081082,
    0.080861
  ],
  "STRK": [
    0.03829626,
    0.0379871
  ],
  "BCAP": [
    22.99,
    22.99
  ],
  "TWT": [
    0.509321,
    0.501544
  ],
  "PENDLE": [
    1.25,
    1.25
  ],
  "GRASS": [
    0.375374,
    0.375173
  ],
  "AB": [
    0.00205044,
    0.00205188
  ],
  "AXS": [
    1.19,
    1.19
  ],
  "NUSD": [
    0.999589,
    0.99967
  ],
  "XCN": [
    0.00531428,
    0.0052978
  ],
  "9BIT": [
    0.0241637,
    0.02417114
  ],
  "BORG": [
    0.200131,
    0.200277
  ],
  "REUSD": [
    1.068,
    1.068
  ],
  "FARTCOIN": [
    0.197009,
    0.194587
  ],
  "USTBL": [
    1.078,
    1.078
  ],
  "UDS": [
    1.53,
    1.53
  ],
  "PC0000031": [
    1,
    1
  ],
  "NEO": [
    2.68,
    2.69
  ],
  "VSN": [
    0.052561,
    0.052604
  ],
  "REAL": [
    0.059717,
    0.059713
  ],
  "COMP": [
    19.22,
    19.26
  ],
  "FLUID": [
    2.33,
    2.35
  ],
  "WIF": [
    0.181433,
    0.18122
  ],
  "WAL": [
    0.07988,
    0.079936
  ],
  "WFI": [
    2.16,
    2.16
  ],
  "IUSD": [
    0.999311,
    0.998991
  ],
  "FDIT": [
    1,
    1
  ],
  "H": [
    0.094789,
    0.094574
  ],
  "ZK": [
    0.01870009,
    0.01860176
  ],
  "CVX": [
    1.84,
    1.84
  ],
  "S": [
    0.04468638,
    0.04461944
  ],
  "MANA": [
    0.087803,
    0.087148
  ],
  "THETA": [
    0.16855,
    0.167418
  ],
  "RAY": [
    0.622036,
    0.620609
  ],
  "FF": [
    0.070766,
    0.070685
  ],
  "MX": [
    1.79,
    1.79
  ],
  "KOGE": [
    47.99
  ]
}