{
  "VIRTUAL": [
    0.728038,
    0.727662
  ],
  "FTN": [
    1.089,
    1.088
  ],
  "CAKE": [
    1.43,
    1.43
  ],
  "STX": [
    0.249933,
    0.249129
  ],
  "PENGU": [
    0.00731334,
    0.00726871
  ],
  "DCR": [
    26.46,
    26.27
  ],
  "A7A5": [
    0.01158698,
    0.01160435
  ],
  "SEI": [
    0.064379,
    0.063864
  ],
  "EURC": [
    1.16,
    1.16
  ],
  "XTZ": [
    0.40165,
    0.39704
  ],
  "ETHFI": [
    0.538569,
    0.533921
  ],
  "JAAA": [
    1.027,
    1.027
  ],
  "RIVER": [
    23.56,
    20.91
  ],
  "DASH": [
    31.77,
    31.82
  ],
  "KITE": [
    0.21633,
    0.216559
  ],
  "FDUSD": [
    1,
    0.99966
  ],
  "CHZ": [
    0.03593429,
    0.03576704
  ],
  "USX": [
    0.999876,
    0.999621
  ],
  "KAU": [
    150.81,
    150.47
  ],
  "CRV": [
    0.24058,
    0.237153
  ],
  "GNO": [
    131.86,
    131.35
  ],
  "PRIME": [
    1.029,
    1.028
  ],
  "CFX": [
    0.065542,
    0.064821
  ],
  "SUN": [
    0.01746336,
    0.01733382
  ],
  "BTT": [
    3.35579e-7,
    3.34961e-7
  ],
  "NFT": [
    3.32728e-7,
    3.32798e-7
  ],
  "ADI": [
    3.34,
    3.34
  ],
  "USDAI": [
    0.999688,
    0.999631
  ],
  "INJ": [
    3.22,
    3.14
  ],
  "KAIA": [
    0.051929,
    0.0518
  ],
  "TIA": [
    0.340419,
    0.337115
  ],
  "LIT": [
    1.21,
    1.2
  ],
  "AERO": [
    0.326068,
    0.324907
  ],
  "BSV": [
    14.53,
    14.56
  ],
  "FLOKI": [
    0.00003044,
    0.00003006
  ],
  "SPX": [
    0.307706,
    0.309753
  ],
  "GRT": [
    0.02626998,
    0.02625644
  ],
  "DEXE": [
    6.14,
    6.03
  ],
  "JASMY": [
    0.00566738,
    0.00566545
  ],
  "SYRUP": [
    0.239802,
    0.240842
  ],
  "FRAX": [
    0.992853,
    0.99316
  ],
  "IOTA": [
    0.062527,
    0.062255
  ],
  "IP": [
    0.772367,
    0.769815
  ],
  "APEPE": [
    0.00000129,
    0.00000128
  ],
  "2Z": [
    0.077664,
    0.076827
  ],
  "FO": [
    0.263454,
    0.263469
  ],
  "OP": [
    0.123775,
    0.123941
  ],
  "VVV": [
    5.84,
    5.78
  ],
  "BTSE": [
    1.59,
    1.6
  ],
  "CRVUSD": [
    0.997719,
    0.999757
  ],
  "OHM": [
    16.56,
    16.51
  ],
  "PYTH": [
    0.04496476,
    0.04463097
  ],
  "ZBCN": [
    0.00261468,
    0.00261335
  ],
  "LDO": [
    0.301438,
    0.298725
  ],
  "ENS": [
    6.34,
    6.26
  ],
  "MON": [
    0.0221796,
    0.02215032
  ],
  "HNT": [
    1.3,
    1.28
  ],
  "B": [
    0.243818,
    0.235729
  ],
  "TEL": [
    0.00249471,
    0.00248061
  ],
  "XPL": [
    0.100868,
    0.100713
  ],
  "SAND": [
    0.082942,
    0.082486
  ],
  "USDA": [
    0.984014,
    0.984014
  ],
  "AUSD": [
    0.999928,
    0.999722
  ],
  "LUNC": [
    0.00003976,
    0.00003962
  ],
  "UDS": [
    1.72,
    1.73
  ],
  "TWT": [
    0.512713,
    0.511427
  ],
  "AXS": [
    1.25,
    1.24
  ],
  "PENDLE": [
    1.27,
    1.27
  ],
  "GRASS": [
    0.390653,
    0.386844
  ],
  "BCAP": [
    22.99,
    22.99
  ],
  "AB": [
    0.00210866,
    0.00210507
  ],
  "FARTCOIN": [
    0.199732,
    0.206989
  ],
  "STRK": [
    0.03649602,
    0.03639816
  ],
  "NUSD": [
    0.998069,
    0.99947
  ],
  "BORG": [
    0.209711,
    0.205966
  ],
  "USTBL": [
    1.078,
    1.078
  ],
  "XCN": [
    0.00531314,
    0.00533793
  ],
  "REUSD": [
    1.068,
    1.068
  ],
  "9BIT": [
    0.02357752,
    0.02355539
  ],
  "NEO": [
    2.73,
    2.73
  ],
  "VSN": [
    0.053215,
    0.053627
  ],
  "PC0000031": [
    1,
    1
  ],
  "REAL": [
    0.059321,
    0.059555
  ],
  "COMP": [
    19.2,
    19.23
  ],
  "WFI": [
    2.23,
    2.25
  ],
  "WAL": [
    0.080317,
    0.081304
  ],
  "FDIT": [
    1,
    1
  ],
  "FLUID": [
    2.28,
    2.26
  ],
  "WIF": [
    0.175896,
    0.175418
  ],
  "MANA": [
    0.090818,
    0.090316
  ],
  "IUSD": [
    0.999038,
    1
  ],
  "ZK": [
    0.01911818,
    0.01892804
  ],
  "THETA": [
    0.173703,
    0.173332
  ],
  "S": [
    0.04506268,
    0.04483146
  ],
  "H": [
    0.092195,
    0.092063
  ],
  "CVX": [
    1.82,
    1.83
  ],
  "FF": [
    0.07121,
    0.070546
  ],
  "RAY": [
    0.613297,
    0.613922
  ],
  "MX": [
    1.79,
    1.79
  ],
  "KOGE": [
    47.99,
    47.99
  ]
}