{
  "ETHFI": [
    0.591543,
    0.617107
  ],
  "RIVER": [
    21.77,
    24.59
  ],
  "FTN": [
    1.09,
    1.089
  ],
  "A7A5": [
    0.01177417,
    0.0117738
  ],
  "VIRTUAL": [
    0.70162,
    0.701406
  ],
  "CAKE": [
    1.39,
    1.39
  ],
  "DCR": [
    26.35,
    26.18
  ],
  "STX": [
    0.24513,
    0.24586
  ],
  "PENGU": [
    0.00711257,
    0.00712186
  ],
  "XTZ": [
    0.398961,
    0.399045
  ],
  "EURC": [
    1.16,
    1.16
  ],
  "SEI": [
    0.063653,
    0.063503
  ],
  "JAAA": [
    1.027,
    1.027
  ],
  "DASH": [
    32.08,
    32.19
  ],
  "KITE": [
    0.215876,
    0.217149
  ],
  "FDUSD": [
    0.99949,
    0.999522
  ],
  "CHZ": [
    0.03623897,
    0.03649661
  ],
  "USX": [
    0.999829,
    0.99975
  ],
  "PRIME": [
    1.027,
    1.029
  ],
  "KAU": [
    147.4,
    147.35
  ],
  "CRV": [
    0.234872,
    0.234527
  ],
  "GNO": [
    130.85,
    130.92
  ],
  "SUN": [
    0.01772305,
    0.01788086
  ],
  "CFX": [
    0.065177,
    0.065905
  ],
  "BTT": [
    3.36471e-7,
    3.36976e-7
  ],
  "NFT": [
    3.34093e-7,
    3.33908e-7
  ],
  "USDAI": [
    0.999882,
    0.999685
  ],
  "ADI": [
    3.24,
    3.23
  ],
  "INJ": [
    3.08,
    3.1
  ],
  "KAIA": [
    0.051213,
    0.051313
  ],
  "TIA": [
    0.333488,
    0.335134
  ],
  "DEXE": [
    6.17,
    6.42
  ],
  "AERO": [
    0.320142,
    0.320794
  ],
  "BSV": [
    14.72,
    14.72
  ],
  "FLOKI": [
    0.00002975,
    0.0000299
  ],
  "SPX": [
    0.304287,
    0.306936
  ],
  "GRT": [
    0.02604696,
    0.0261641
  ],
  "JASMY": [
    0.00562965,
    0.0056446
  ],
  "SYRUP": [
    0.23888,
    0.237513
  ],
  "FRAX": [
    0.992555,
    0.992701
  ],
  "APEPE": [
    0.00000129,
    0.00000129
  ],
  "LIT": [
    1.072,
    1.081
  ],
  "IOTA": [
    0.061551,
    0.061548
  ],
  "2Z": [
    0.076803,
    0.076573
  ],
  "FO": [
    0.263953,
    0.264862
  ],
  "IP": [
    0.745482,
    0.749184
  ],
  "OP": [
    0.122786,
    0.123049
  ],
  "CRVUSD": [
    0.998069,
    0.99985
  ],
  "LDO": [
    0.298367,
    0.300295
  ],
  "OHM": [
    16.27,
    16.19
  ],
  "ZBCN": [
    0.00264848,
    0.00254773
  ],
  "VVV": [
    5.54,
    5.56
  ],
  "PYTH": [
    0.04345893,
    0.04315284
  ],
  "ENS": [
    6.24,
    6.29
  ],
  "BTSE": [
    1.48,
    1.48
  ],
  "MON": [
    0.021949,
    0.02189984
  ],
  "TEL": [
    0.0024479,
    0.00245054
  ],
  "HNT": [
    1.27,
    1.26
  ],
  "B": [
    0.22168,
    0.226777
  ],
  "SAND": [
    0.081512,
    0.081675
  ],
  "USDA": [
    0.984014,
    0.984014
  ],
  "AUSD": [
    0.999994,
    0.999802
  ],
  "LUNC": [
    0.00003929,
    0.00003944
  ],
  "XPL": [
    0.095666,
    0.095233
  ],
  "TWT": [
    0.512696,
    0.510123
  ],
  "PENDLE": [
    1.27,
    1.27
  ],
  "BCAP": [
    22.99,
    22.99
  ],
  "UDS": [
    1.68,
    1.68
  ],
  "GRASS": [
    0.381886,
    0.380502
  ],
  "STRK": [
    0.03578402,
    0.0361668
  ],
  "AB": [
    0.00205999,
    0.00206069
  ],
  "AXS": [
    1.2,
    1.2
  ],
  "NUSD": [
    1,
    1.001
  ],
  "BORG": [
    0.203073,
    0.202683
  ],
  "FARTCOIN": [
    0.195368,
    0.196204
  ],
  "XCN": [
    0.00520629,
    0.00522075
  ],
  "REUSD": [
    1.068,
    1.068
  ],
  "USTBL": [
    1.078,
    1.078
  ],
  "NEO": [
    2.71,
    2.72
  ],
  "PC0000031": [
    1,
    1
  ],
  "VSN": [
    0.052647,
    0.052663
  ],
  "REAL": [
    0.059602,
    0.05973
  ],
  "9BIT": [
    0.02288676,
    0.02286346
  ],
  "COMP": [
    19.37,
    19.28
  ],
  "FLUID": [
    2.33,
    2.33
  ],
  "WAL": [
    0.080278,
    0.080654
  ],
  "WIF": [
    0.178708,
    0.179125
  ],
  "FDIT": [
    1,
    1
  ],
  "WFI": [
    2.22,
    2.17
  ],
  "IUSD": [
    0.999588,
    0.999754
  ],
  "H": [
    0.095054,
    0.095272
  ],
  "THETA": [
    0.170758,
    0.171432
  ],
  "ZK": [
    0.01845315,
    0.01857313
  ],
  "MANA": [
    0.088753,
    0.088296
  ],
  "CVX": [
    1.85,
    1.84
  ],
  "S": [
    0.04454076,
    0.0443739
  ],
  "RAY": [
    0.618454,
    0.619181
  ],
  "FF": [
    0.071,
    0.070899
  ],
  "MX": [
    1.79,
    1.79
  ],
  "KOGE": [
    48,
    47.99
  ]
}