{
  "FTN": [
    1.089,
    1.089
  ],
  "A7A5": [
    0.01186249,
    0.01187978
  ],
  "CAKE": [
    1.41,
    1.4
  ],
  "VIRTUAL": [
    0.703501,
    0.697217
  ],
  "DCR": [
    26.1,
    26.03
  ],
  "STX": [
    0.244428,
    0.243247
  ],
  "ETHFI": [
    0.57097,
    0.563675
  ],
  "PENGU": [
    0.00718834,
    0.00704325
  ],
  "XTZ": [
    0.397202,
    0.397215
  ],
  "EURC": [
    1.16,
    1.16
  ],
  "SEI": [
    0.063349,
    0.062949
  ],
  "RIVER": [
    21.97,
    21.53
  ],
  "JAAA": [
    1.027,
    1.027
  ],
  "DASH": [
    31.76,
    31.64
  ],
  "KITE": [
    0.216338,
    0.21879
  ],
  "FDUSD": [
    0.999468,
    0.999428
  ],
  "CHZ": [
    0.0358294,
    0.03584059
  ],
  "USX": [
    0.999745,
    0.999745
  ],
  "PRIME": [
    1.028,
    1.028
  ],
  "CRV": [
    0.233236,
    0.232392
  ],
  "KAU": [
    147.12,
    144.46
  ],
  "GNO": [
    129.96,
    129.99
  ],
  "SUN": [
    0.01763098,
    0.01756542
  ],
  "CFX": [
    0.064129,
    0.064078
  ],
  "BTT": [
    3.34087e-7,
    3.35153e-7
  ],
  "NFT": [
    3.32616e-7,
    3.31971e-7
  ],
  "ADI": [
    3.21,
    3.2
  ],
  "USDAI": [
    0.999877,
    0.99979
  ],
  "INJ": [
    3.09,
    3.07
  ],
  "KAIA": [
    0.051118,
    0.051107
  ],
  "TIA": [
    0.333326,
    0.330951
  ],
  "AERO": [
    0.32003,
    0.318394
  ],
  "BSV": [
    14.59,
    14.56
  ],
  "FLOKI": [
    0.00002987,
    0.00002952
  ],
  "LIT": [
    1.15,
    1.13
  ],
  "DEXE": [
    6.04,
    6.02
  ],
  "SPX": [
    0.302557,
    0.300953
  ],
  "GRT": [
    0.02598099,
    0.02585993
  ],
  "JASMY": [
    0.00558601,
    0.00561947
  ],
  "FRAX": [
    0.992664,
    0.991911
  ],
  "SYRUP": [
    0.238834,
    0.236557
  ],
  "APEPE": [
    0.00000129,
    0.00000129
  ],
  "IOTA": [
    0.062108,
    0.061754
  ],
  "FO": [
    0.263827,
    0.263775
  ],
  "2Z": [
    0.076202,
    0.075796
  ],
  "IP": [
    0.753033,
    0.743539
  ],
  "OP": [
    0.123763,
    0.123077
  ],
  "CRVUSD": [
    1,
    1
  ],
  "OHM": [
    16.32,
    16.35
  ],
  "VVV": [
    5.67,
    5.68
  ],
  "LDO": [
    0.296752,
    0.295317
  ],
  "ZBCN": [
    0.00250154,
    0.00254404
  ],
  "PYTH": [
    0.04339194,
    0.04291834
  ],
  "BTSE": [
    1.55,
    1.52
  ],
  "MON": [
    0.02199629,
    0.02200971
  ],
  "ENS": [
    6.18,
    6.18
  ],
  "TEL": [
    0.00246156,
    0.00244124
  ],
  "HNT": [
    1.25,
    1.24
  ],
  "B": [
    0.221565,
    0.227967
  ],
  "USDA": [
    0.984014,
    0.984014
  ],
  "SAND": [
    0.082013,
    0.081376
  ],
  "AUSD": [
    0.999889,
    0.999906
  ],
  "LUNC": [
    0.00003972,
    0.00003942
  ],
  "UDS": [
    1.71,
    1.71
  ],
  "BCAP": [
    22.99,
    22.99
  ],
  "XPL": [
    0.095419,
    0.093127
  ],
  "PENDLE": [
    1.26,
    1.25
  ],
  "TWT": [
    0.500689,
    0.497558
  ],
  "AB": [
    0.00208026,
    0.00208096
  ],
  "AXS": [
    1.23,
    1.21
  ],
  "NUSD": [
    1.002,
    0.999485
  ],
  "STRK": [
    0.03580319,
    0.03562901
  ],
  "GRASS": [
    0.373252,
    0.367641
  ],
  "BORG": [
    0.202762,
    0.202871
  ],
  "REUSD": [
    1.067,
    1.068
  ],
  "USTBL": [
    1.078,
    1.078
  ],
  "XCN": [
    0.00521419,
    0.00515916
  ],
  "NEO": [
    2.74,
    2.74
  ],
  "FARTCOIN": [
    0.194811,
    0.192521
  ],
  "PC0000031": [
    1,
    1
  ],
  "VSN": [
    0.052396,
    0.052414
  ],
  "9BIT": [
    0.02289662,
    0.02288536
  ],
  "REAL": [
    0.058517,
    0.058717
  ],
  "COMP": [
    18.97,
    18.85
  ],
  "WFI": [
    2.23,
    2.22
  ],
  "WAL": [
    0.080029,
    0.079516
  ],
  "FDIT": [
    1,
    1
  ],
  "FLUID": [
    2.27,
    2.25
  ],
  "IUSD": [
    1.001,
    1
  ],
  "WIF": [
    0.178279,
    0.176524
  ],
  "H": [
    0.095964,
    0.094371
  ],
  "MANA": [
    0.08946,
    0.08848
  ],
  "ZK": [
    0.01871397,
    0.01853804
  ],
  "THETA": [
    0.170711,
    0.1701
  ],
  "S": [
    0.04445455,
    0.04395675
  ],
  "FF": [
    0.070943,
    0.070912
  ],
  "CVX": [
    1.8,
    1.81
  ],
  "MX": [
    1.79,
    1.79
  ],
  "RAY": [
    0.608617,
    0.607601
  ],
  "KOGE": [
    47.99,
    47.99
  ]
}